hcp_id,first_name,last_name,specialty,segment,territory,city,state,practice_type,account_tenure,opt_out_flag,channel_preference,interaction_count_digital_ad,interaction_count_email,interaction_count_phone_call,interaction_count_rep_visit,interaction_count_webinar,successful_interactions_digital_ad,successful_interactions_email,successful_interactions_phone_call,successful_interactions_rep_visit,successful_interactions_webinar,success_rate_digital_ad,success_rate_email,success_rate_phone_call,success_rate_rep_visit,success_rate_webinar,last_engagement_date_digital_ad,last_engagement_date_email,last_engagement_date_phone_call,last_engagement_date_rep_visit,last_engagement_date_webinar,recency_days_digital_ad,recency_days_email,recency_days_phone_call,recency_days_rep_visit,recency_days_webinar,frequency_score_rep_visit,recency_score_rep_visit,frequency_score_phone_call,recency_score_phone_call,frequency_score_webinar,recency_score_webinar,frequency_score_email,recency_score_email,frequency_score_digital_ad,recency_score_digital_ad,channel_score_rep_visit,channel_score_phone_call,channel_score_webinar,channel_score_email,channel_score_digital_ad,weighted_engagement_score,engagement_rank,engagement_level,recommended_channel,engagement_eligible
1,Danielle,Johnson,endocrinology,medium_value,TERR_19,Nashville,TN,hospital,0.5,False,Digital-Heavy,1.0,10.0,4.0,3.0,5.0,0.0,2.0,0.0,0.0,2.0,0.0,0.2,0.0,0.0,0.4,2025-11-10 10:00:00,2025-10-02 16:00:00,2025-10-16 11:00:00,2025-12-15 08:00:00,2025-12-26 10:00:00,53,92,78,18,7,0.17647058823529413,0.625,0.25,0.2777777777777778,0.5,0.8108108108108107,0.5882352941176471,0.24590163934426232,0.0625,0.3614457831325301,0.17794117647058824,0.13055555555555556,0.5121621621621621,0.3256509161041466,0.09103915662650602,24.44,359,Medium Engagement,webinar,True
2,Joshua,Walker,cardiology,low_value,TERR_40,Detroit,MI,private_practice,3.3,False,In-Person-Heavy,2.0,3.0,3.0,1.0,2.0,0.0,0.0,1.0,0.0,0.0,0.0,0.0,0.3333333333333333,0.0,0.0,2025-07-23 09:00:00,2025-09-08 16:00:00,2025-09-29 10:00:00,2025-06-18 09:00:00,2025-05-26 16:00:00,163,116,95,198,221,0.058823529411764705,0.13157894736842105,0.1875,0.24000000000000005,0.2,0.1195219123505976,0.17647058823529413,0.2054794520547945,0.125,0.15544041450777202,0.04396284829721362,0.2709166666666667,0.08390438247011953,0.09403706688154714,0.06858808290155441,10.85,491,Low Engagement,phone_call,True
3,Jill,Rhodes,cardiology,medium_value,TERR_21,Tucson,AZ,private_practice,0.8,False,Mixed,15.0,7.0,3.0,2.0,3.0,0.0,0.0,0.0,1.0,0.0,0.0,0.0,0.0,0.5,0.0,2025-12-25 08:00:00,2025-09-01 10:00:00,2025-12-11 17:00:00,2025-11-19 13:00:00,2025-10-15 14:00:00,8,123,22,44,79,0.11764705882352941,0.4054054054054054,0.1875,0.5769230769230769,0.3,0.27522935779816515,0.4117647058823529,0.19607843137254904,0.9375,0.7894736842105263,0.3663751987281399,0.17163461538461539,0.14504587155963303,0.1627450980392157,0.4391447368421053,26.35,326,Medium Engagement,digital_ad,True
4,Patricia,Miller,endocrinology,high_value,TERR_25,Arlington,TX,clinic,5.6,False,Digital-Heavy,3.0,6.0,7.0,2.0,8.0,0.0,3.0,2.0,1.0,3.0,0.0,0.5,0.2857142857142857,0.5,0.375,2025-12-18 15:00:00,2025-11-05 09:00:00,2026-01-01 15:00:00,2025-10-22 11:00:00,2025-12-08 11:00:00,15,58,1,72,25,0.11764705882352941,0.29411764705882354,0.4375,0.9677419354838709,0.8,0.5454545454545454,0.35294117647058826,0.3409090909090909,0.1875,0.6666666666666666,0.34411764705882353,0.46765552995391707,0.5365909090909091,0.42406417112299466,0.18958333333333333,39.61,102,Medium Engagement,webinar,True
5,Robert,Johnson,cardiology,low_value,TERR_47,Oakland,CA,hospital,2.7,False,Mixed,1.0,2.0,8.0,12.0,3.0,0.0,1.0,2.0,8.0,3.0,0.0,0.5,0.25,0.6666666666666666,1.0,2025-02-19 17:00:00,2025-08-07 11:00:00,2025-12-02 08:00:00,2026-01-02 17:00:00,2025-08-27 17:00:00,317,148,31,0,128,0.7058823529411765,1.0,0.5,0.49180327868852464,0.3,0.189873417721519,0.11764705882352941,0.16853932584269662,0.0625,0.08645533141210375,0.7450980392156863,0.37336065573770494,0.6279746835443037,0.3190019828155981,0.03604106628242075,47.71,12,High Engagement,rep_visit,True
6,Jeffery,Wagner,endocrinology,low_value,TERR_07,Boston,MA,clinic,1.7,False,Digital-Heavy,0.0,1.0,5.0,5.0,3.0,0.0,0.0,1.0,2.0,0.0,0.0,0.0,0.2,0.4,0.0,,2025-10-13 17:00:00,2025-11-13 17:00:00,2025-11-26 09:00:00,2025-06-23 15:00:00,,81,50,37,193,0.29411764705882354,0.44776119402985076,0.3125,0.37499999999999994,0.3,0.13452914798206278,0.058823529411764705,0.27027027027027023,0.0,0.0,0.3777875329236172,0.26875,0.11690582959641255,0.07170111287758346,0.0,20.12,420,Medium Engagement,rep_visit,True
7,Anthony,Gonzalez,primary_care,high_value,TERR_20,Memphis,TN,private_practice,0.7,False,Mixed,2.0,2.0,9.0,16.0,4.0,0.0,0.0,2.0,12.0,2.0,0.0,0.0,0.2222222222222222,0.75,0.5,2025-07-23 11:00:00,2025-09-30 11:00:00,2025-12-04 14:00:00,2025-11-25 11:00:00,2025-09-12 14:00:00,163,94,29,38,112,0.9411764705882353,0.4411764705882353,0.5625,0.5084745762711864,0.4,0.2112676056338028,0.11764705882352941,0.24193548387096778,0.125,0.15544041450777202,0.7455882352941177,0.3815560263653484,0.41225352112676056,0.08368121442125238,0.06858808290155441,40.53,84,High Engagement,rep_visit,True
8,Debra,Gardner,endocrinology,high_value,TERR_47,Sacramento,CA,private_practice,2.4,False,Mixed,6.0,11.0,5.0,1.0,4.0,1.0,3.0,0.0,1.0,0.0,0.16666666666666666,0.2727272727272727,0.0,1.0,0.0,2025-10-02 09:00:00,2025-12-15 14:00:00,2025-11-20 16:00:00,2025-04-04 12:00:00,2025-08-29 11:00:00,92,18,43,273,126,0.058823529411764705,0.09900990099009901,0.3125,0.410958904109589,0.4,0.1923076923076923,0.6470588235294118,0.625,0.375,0.24590163934426232,0.5374490390215493,0.1759417808219178,0.15846153846153846,0.45548128342245986,0.24501366120218576,33.32,205,Medium Engagement,rep_visit,True
9,Jeffrey,Lawrence,primary_care,high_value,TERR_42,Houston,TX,private_practice,3.1,False,Digital-Heavy,9.0,7.0,6.0,4.0,3.0,0.0,5.0,1.0,3.0,0.0,0.0,0.7142857142857143,0.16666666666666666,0.75,0.0,2025-12-18 08:00:00,2025-11-06 11:00:00,2026-01-01 13:00:00,2025-07-28 16:00:00,2025-08-11 12:00:00,15,57,1,158,144,0.23529411764705882,0.1595744680851064,0.375,0.9677419354838709,0.3,0.1724137931034483,0.4117647058823529,0.3448275862068966,0.5625,0.6666666666666666,0.4775031289111389,0.3893817204301075,0.12448275862068967,0.5496377861489423,0.3020833333333333,37.38,137,Medium Engagement,email,True
10,Lisa,Smith,dermatology,low_value,TERR_34,San Jose,CA,hospital,0.5,False,In-Person-Heavy,1.0,5.0,3.0,2.0,1.0,0.0,0.0,0.0,2.0,0.0,0.0,0.0,0.0,1.0,0.0,2025-10-30 08:00:00,2025-12-30 12:00:00,2025-09-09 10:00:00,2025-12-19 08:00:00,2025-11-05 11:00:00,64,3,115,14,58,0.11764705882352941,0.6818181818181818,0.1875,0.2068965517241379,0.1,0.3409090909090909,0.29411764705882354,0.9090909090909091,0.0625,0.3191489361702128,0.6716577540106952,0.09762931034482758,0.09818181818181818,0.2700534759358289,0.08257978723404256,29.36,268,Medium Engagement,rep_visit,True
11,Linda,Wolfe,endocrinology,low_value,TERR_16,Minneapolis,MN,clinic,1.1,True,Digital-Heavy,1.0,0.0,0.0,4.0,4.0,0.0,0.0,0.0,3.0,0.0,0.0,0.0,0.0,0.75,0.0,2025-04-15 08:00:00,,,2025-06-26 09:00:00,2025-12-11 15:00:00,262,,,190,22,0.23529411764705882,0.13636363636363638,0.0,0.0,0.4,0.5769230769230769,0.0,0.0,0.0625,0.10273972602739727,0.4728609625668449,0.0,0.23538461538461536,0.0,0.039297945205479454,19.48,430,Low Engagement,Do Not Contact,False
12,Matthew,Moore,oncology,medium_value,TERR_25,Minneapolis,MN,cancer_center,2.3,False,Mixed,4.0,4.0,2.0,0.0,0.0,0.0,0.0,1.0,0.0,0.0,0.0,0.0,0.5,0.0,0.0,2025-08-26 12:00:00,2025-12-18 09:00:00,2025-11-25 08:00:00,,,129,15,38,,,0.0,0.0,0.125,0.4411764705882353,0.0,0.0,0.23529411764705882,0.6666666666666666,0.25,0.18867924528301888,0.0,0.37573529411764706,0.0,0.20392156862745098,0.11273584905660378,12.26,486,Low Engagement,phone_call,True
13,Susan,Rogers,primary_care,high_value,TERR_01,Oakland,CA,private_practice,4.4,False,In-Person-Heavy,11.0,9.0,4.0,2.0,6.0,3.0,3.0,0.0,1.0,1.0,0.2727272727272727,0.3333333333333333,0.0,0.5,0.16666666666666666,2025-12-04 15:00:00,2025-12-19 13:00:00,2025-08-13 09:00:00,2025-11-28 17:00:00,2025-12-10 10:00:00,29,14,142,35,23,0.11764705882352941,0.46153846153846145,0.25,0.1744186046511628,0.6,0.5660377358490566,0.5294117647058824,0.6818181818181818,0.6875,0.5084745762711864,0.3776018099547511,0.10988372093023255,0.3765408805031446,0.4618538324420677,0.44430855161787364,34.65,188,Medium Engagement,email,True
14,Christopher,Davis,cardiology,low_value,TERR_35,Tucson,AZ,private_practice,1.0,False,In-Person-Heavy,0.0,3.0,5.0,6.0,2.0,0.0,0.0,0.0,2.0,0.0,0.0,0.0,0.0,0.3333333333333333,0.0,,2025-12-18 10:00:00,2025-11-11 09:00:00,2025-12-22 11:00:00,2025-05-13 10:00:00,,15,52,11,234,0.35294117647058826,0.7317073170731707,0.3125,0.36585365853658536,0.2,0.11363636363636363,0.17647058823529413,0.6666666666666666,0.0,0.0,0.4188904830224772,0.16692073170731708,0.08272727272727273,0.18627450980392157,0.0,20.35,417,Medium Engagement,rep_visit,True
15,Melanie,Munoz,cardiology,low_value,TERR_48,Nashville,TN,private_practice,0.5,False,Digital-Heavy,0.0,2.0,4.0,11.0,1.0,0.0,0.0,0.0,1.0,0.0,0.0,0.0,0.0,0.09090909090909091,0.0,,2025-11-03 16:00:00,2025-07-29 15:00:00,2025-11-19 16:00:00,2025-07-23 15:00:00,,60,157,44,163,0.6470588235294118,0.4054054054054054,0.25,0.16042780748663102,0.1,0.15544041450777202,0.11764705882352941,0.3333333333333333,0.0,0.0,0.32065327359445006,0.1070855614973262,0.0610880829015544,0.10196078431372549,0.0,14.51,474,Low Engagement,rep_visit,True
16,Lindsay,Blair,dermatology,high_value,TERR_27,Sacramento,CA,clinic,4.4,False,Digital-Heavy,0.0,2.0,9.0,13.0,3.0,0.0,0.0,6.0,8.0,0.0,0.0,0.0,0.6666666666666666,0.6153846153846154,0.0,,2025-08-25 13:00:00,2025-11-06 09:00:00,2025-12-31 14:00:00,2025-10-20 12:00:00,,130,57,2,74,0.7647058823529411,0.9375,0.5625,0.3448275862068966,0.3,0.28846153846153844,0.11764705882352941,0.1875,0.0,0.0,0.72460407239819,0.5710488505747127,0.14769230769230768,0.07279411764705883,0.0,37.2,140,Medium Engagement,rep_visit,True
17,Amanda,Dudley,primary_care,medium_value,TERR_14,Colorado Springs,CO,private_practice,1.6,False,Digital-Heavy,1.0,3.0,5.0,2.0,1.0,0.0,1.0,0.0,2.0,1.0,0.0,0.3333333333333333,0.0,1.0,1.0,2025-07-21 14:00:00,2025-09-18 16:00:00,2025-12-19 08:00:00,2025-09-12 08:00:00,2025-04-14 16:00:00,165,106,14,112,263,0.11764705882352941,0.2112676056338028,0.3125,0.6818181818181818,0.1,0.10238907849829351,0.17647058823529413,0.22058823529411764,0.0625,0.15384615384615385,0.5775476387738194,0.23011363636363635,0.5504778156996587,0.26372549019607844,0.049519230769230774,37.64,130,Medium Engagement,rep_visit,True
18,Nicholas,Arnold,cardiology,medium_value,TERR_42,Fort Worth,TX,hospital,3.9,False,Digital-Heavy,2.0,5.0,8.0,9.0,3.0,0.0,1.0,4.0,8.0,2.0,0.0,0.2,0.5,0.8888888888888888,0.6666666666666666,2025-11-12 15:00:00,2025-11-04 08:00:00,2025-12-02 17:00:00,2025-12-16 15:00:00,2025-11-27 15:00:00,51,59,31,17,36,0.5294117647058824,0.6382978723404256,0.5,0.49180327868852464,0.3,0.45454545454545453,0.29411764705882354,0.33707865168539325,0.125,0.37037037037037035,0.7309275483242943,0.49836065573770494,0.5142424242424243,0.2556510244547257,0.11157407407407408,47.69,13,High Engagement,rep_visit,True
19,Maria,Montgomery,cardiology,low_value,TERR_30,Mesa,AZ,private_practice,2.9,False,In-Person-Heavy,5.0,1.0,5.0,3.0,3.0,1.0,1.0,0.0,2.0,0.0,0.2,1.0,0.0,0.6666666666666666,0.0,2025-12-02 15:00:00,2025-09-03 12:00:00,2025-12-15 11:00:00,2025-10-06 10:00:00,2025-09-16 10:00:00,31,121,18,88,108,0.17647058823529413,0.2542372881355932,0.3125,0.625,0.3,0.2173913043478261,0.058823529411764705,0.19867549668874174,0.3125,0.49180327868852464,0.43712196743104015,0.21875,0.1334782608695652,0.5573821581612778,0.29211065573770495,32.9,218,Medium Engagement,email,True
20,Michelle,Ray,dermatology,medium_value,TERR_13,Albuquerque,NM,clinic,0.5,True,Mixed,1.0,0.0,0.0,8.0,1.0,0.0,0.0,0.0,7.0,0.0,0.0,0.0,0.0,0.875,0.0,2025-12-16 12:00:00,,,2025-11-24 14:00:00,2025-11-11 09:00:00,17,,,39,52,0.47058823529411764,0.4347826086956522,0.0,0.0,0.1,0.36585365853658536,0.0,0.0,0.0625,0.6382978723404256,0.6656329923273657,0.0,0.10317073170731707,0.0,0.1464095744680851,24.23,364,Medium Engagement,Do Not Contact,False
21,Janet,Williams,cardiology,medium_value,TERR_06,Memphis,TN,hospital,0.5,False,In-Person-Heavy,4.0,6.0,7.0,5.0,4.0,0.0,1.0,3.0,3.0,2.0,0.0,0.16666666666666666,0.42857142857142855,0.6,0.5,2026-01-01 12:00:00,2025-12-24 17:00:00,2025-11-17 08:00:00,2025-09-29 16:00:00,2025-12-18 15:00:00,1,9,46,95,15,0.29411764705882354,0.24000000000000005,0.4375,0.39473684210526316,0.4,0.6666666666666666,0.35294117647058826,0.7692307692307692,0.25,0.9677419354838709,0.43623529411764705,0.42448308270676693,0.5033333333333333,0.34306184012066365,0.2685483870967742,40.82,80,High Engagement,webinar,True
22,Jeremy,Roberts,endocrinology,medium_value,TERR_11,Memphis,TN,private_practice,4.1,False,In-Person-Heavy,0.0,2.0,6.0,9.0,3.0,0.0,0.0,3.0,7.0,1.0,0.0,0.0,0.5,0.7777777777777778,0.3333333333333333,,2025-12-24 13:00:00,2025-10-10 16:00:00,2025-11-13 09:00:00,2025-06-20 12:00:00,,9,84,50,196,0.5294117647058824,0.37499999999999994,0.375,0.2631578947368421,0.3,0.13274336283185842,0.11764705882352941,0.7692307692307692,0.0,0.0,0.6227124183006536,0.4151315789473684,0.2832153392330383,0.18914027149321266,0.0,35.49,176,Medium Engagement,rep_visit,True
23,Christopher,Hall,primary_care,medium_value,TERR_13,Raleigh,NC,private_practice,3.7,False,Mixed,2.0,5.0,3.0,10.0,2.0,0.0,3.0,0.0,8.0,1.0,0.0,0.6,0.0,0.8,0.5,2026-01-01 13:00:00,2025-12-23 14:00:00,2025-07-31 13:00:00,2025-11-27 15:00:00,2025-12-05 17:00:00,1,10,155,36,28,0.5882352941176471,0.45454545454545453,0.1875,0.16216216216216214,0.2,0.5172413793103449,0.29411764705882354,0.75,0.125,0.9677419354838709,0.6673796791443851,0.08868243243243243,0.413448275862069,0.5382352941176471,0.2310483870967742,41.6,72,High Engagement,rep_visit,True
24,Craig,Ramirez,cardiology,low_value,TERR_09,Mesa,AZ,private_practice,0.6,False,Mixed,2.0,5.0,4.0,2.0,0.0,0.0,0.0,1.0,1.0,0.0,0.0,0.0,0.25,0.5,0.0,2025-05-21 08:00:00,2025-11-07 17:00:00,2025-11-26 15:00:00,2025-08-28 09:00:00,,226,56,37,127,,0.11764705882352941,0.19108280254777069,0.25,0.44776119402985076,0.0,0.0,0.29411764705882354,0.3488372093023256,0.125,0.1171875,0.32351067815661294,0.28955223880597014,0.0,0.15800273597811218,0.0609375,18.78,436,Low Engagement,rep_visit,True
25,Cynthia,Diaz,primary_care,medium_value,TERR_32,Detroit,MI,private_practice,2.6,False,Mixed,1.0,3.0,9.0,6.0,1.0,0.0,2.0,0.0,6.0,1.0,0.0,0.6666666666666666,0.0,1.0,1.0,2025-04-14 10:00:00,2025-08-21 11:00:00,2025-12-31 09:00:00,2025-10-14 11:00:00,2025-02-21 13:00:00,263,134,2,80,315,0.35294117647058826,0.27272727272727276,0.5625,0.9375,0.1,0.08695652173913043,0.17647058823529413,0.18292682926829268,0.0625,0.10238907849829351,0.660427807486631,0.35624999999999996,0.5473913043478261,0.42285987565758004,0.039227815699658705,44.82,33,High Engagement,rep_visit,True
26,Mitchell,Clark,primary_care,medium_value,TERR_12,Colorado Springs,CO,private_practice,5.3,False,In-Person-Heavy,11.0,11.0,0.0,2.0,3.0,0.0,1.0,0.0,1.0,1.0,0.0,0.09090909090909091,0.0,0.5,0.3333333333333333,2025-09-23 17:00:00,2025-12-25 13:00:00,,2025-12-29 15:00:00,2025-11-03 12:00:00,101,8,,4,60,0.11764705882352941,0.8823529411764706,0.0,0.0,0.3,0.3333333333333333,0.6470588235294118,0.7894736842105263,0.6875,0.22900763358778622,0.46176470588235297,0.0,0.3233333333333333,0.39746692935547423,0.25205152671755726,30.06,258,Medium Engagement,rep_visit,True
27,Joseph,Zuniga,oncology,medium_value,TERR_23,Mesa,AZ,cancer_center,4.4,False,Digital-Heavy,1.0,2.0,8.0,3.0,2.0,0.0,0.0,2.0,1.0,0.0,0.0,0.0,0.25,0.3333333333333333,0.0,2025-04-04 16:00:00,2025-10-06 08:00:00,2025-12-24 13:00:00,2025-12-31 15:00:00,2025-09-26 14:00:00,273,88,9,2,98,0.17647058823529413,0.9375,0.5,0.7692307692307692,0.2,0.234375,0.11764705882352941,0.2542372881355932,0.0625,0.09900990099009901,0.4071078431372549,0.4288461538461539,0.106875,0.08614157527417747,0.03855198019801981,24.8,354,Medium Engagement,phone_call,True
28,Deborah,Lynch,primary_care,low_value,TERR_44,Portland,OR,clinic,3.3,False,Digital-Heavy,6.0,3.0,3.0,4.0,0.0,1.0,0.0,0.0,4.0,0.0,0.16666666666666666,0.0,0.0,1.0,0.0,2025-11-25 09:00:00,2025-10-29 13:00:00,2025-12-26 09:00:00,2025-11-12 15:00:00,,38,65,7,51,,0.23529411764705882,0.37037037037037035,0.1875,0.8108108108108107,0.0,0.0,0.17647058823529413,0.31578947368421056,0.375,0.4411764705882353,0.6446623093681917,0.21841216216216217,0.0,0.11609907120743035,0.2840686274509804,29.71,262,Medium Engagement,rep_visit,True
29,George,Daniel,endocrinology,low_value,TERR_05,Fresno,CA,private_practice,3.9,True,Mixed,2.0,0.0,0.0,6.0,2.0,0.0,0.0,0.0,1.0,0.0,0.0,0.0,0.0,0.16666666666666666,0.0,2025-12-15 10:00:00,,,2025-10-30 11:00:00,2025-09-02 09:00:00,18,,,64,122,0.35294117647058826,0.3191489361702128,0.0,0.0,0.2,0.19736842105263158,0.0,0.0,0.125,0.625,0.25304547350855233,0.0,0.09947368421052633,0.0,0.1625,12.02,489,Low Engagement,Do Not Contact,False
30,Frank,Gray,cardiology,medium_value,TERR_09,Philadelphia,PA,clinic,0.7,False,Digital-Heavy,2.0,0.0,6.0,11.0,7.0,0.0,0.0,2.0,7.0,6.0,0.0,0.0,0.3333333333333333,0.6363636363636364,0.8571428571428571,2025-12-29 12:00:00,,2025-11-03 17:00:00,2025-12-11 12:00:00,2025-11-19 12:00:00,4,,60,22,44,0.6470588235294118,0.5769230769230769,0.375,0.3333333333333333,0.7,0.4054054054054054,0.0,0.0,0.125,0.8823529411764706,0.6276840806252572,0.3458333333333333,0.7196525096525097,0.0,0.21397058823529413,43.35,47,High Engagement,webinar,True
31,Veronica,Bowman,dermatology,medium_value,TERR_19,Washington,DC,hospital,3.9,False,Digital-Heavy,3.0,3.0,5.0,2.0,2.0,0.0,0.0,0.0,1.0,2.0,0.0,0.0,0.0,0.5,1.0,2026-01-01 12:00:00,2025-12-02 08:00:00,2025-06-17 15:00:00,2025-11-12 17:00:00,2025-12-17 08:00:00,1,31,199,51,16,0.11764705882352941,0.37037037037037035,0.3125,0.13100436681222707,0.2,0.6521739130434783,0.17647058823529413,0.49180327868852464,0.1875,0.9677419354838709,0.3593681917211329,0.11995087336244542,0.6904347826086957,0.15130183220829316,0.24979838709677418,33.01,216,Medium Engagement,webinar,True
32,Angela,Cohen,endocrinology,medium_value,TERR_39,Seattle,WA,hospital,1.4,False,In-Person-Heavy,2.0,2.0,8.0,13.0,1.0,0.0,0.0,2.0,11.0,1.0,0.0,0.0,0.25,0.8461538461538461,1.0,2025-07-18 14:00:00,2025-09-04 16:00:00,2025-12-11 12:00:00,2025-12-01 16:00:00,2025-12-18 17:00:00,168,120,22,32,15,0.7647058823529411,0.48387096774193555,0.5,0.5769230769230769,0.1,0.6666666666666666,0.11764705882352941,0.2,0.125,0.15151515151515152,0.7492628813311925,0.3903846153846154,0.6633333333333333,0.07529411764705883,0.06780303030303031,45.7,24,High Engagement,rep_visit,True
33,Megan,Parsons,primary_care,medium_value,TERR_42,Sacramento,CA,clinic,1.4,False,In-Person-Heavy,1.0,3.0,5.0,10.0,3.0,0.0,0.0,5.0,7.0,0.0,0.0,0.0,1.0,0.7,0.0,2025-06-10 16:00:00,2025-10-09 13:00:00,2025-11-06 17:00:00,2025-12-19 15:00:00,2025-09-02 17:00:00,206,85,57,14,122,0.5882352941176471,0.6818181818181818,0.3125,0.3448275862068966,0.3,0.19736842105263158,0.17647058823529413,0.2608695652173913,0.0625,0.1271186440677966,0.6628342245989305,0.6627155172413793,0.12947368421052632,0.1051150895140665,0.044173728813559326,37.97,127,Medium Engagement,rep_visit,True
34,Jeremy,Johnson,endocrinology,medium_value,TERR_49,Los Angeles,CA,private_practice,0.5,False,In-Person-Heavy,6.0,11.0,3.0,1.0,6.0,0.0,1.0,0.0,0.0,2.0,0.0,0.09090909090909091,0.0,0.0,0.3333333333333333,2025-12-19 14:00:00,2025-12-02 08:00:00,2026-01-02 14:00:00,2025-10-20 13:00:00,2025-12-25 13:00:00,14,31,0,74,8,0.058823529411764705,0.28846153846153844,0.1875,1.0,0.6,0.7894736842105263,0.6470588235294118,0.49180327868852464,0.375,0.6818181818181818,0.0753393665158371,0.25625,0.504561403508772,0.3379328482510739,0.24886363636363634,26.28,328,Medium Engagement,webinar,True
35,Leslie,Adams,primary_care,high_value,TERR_09,Raleigh,NC,private_practice,1.4,False,Digital-Heavy,10.0,10.0,7.0,0.0,4.0,2.0,0.0,0.0,0.0,2.0,0.2,0.0,0.0,0.0,0.5,2026-01-02 16:00:00,2025-11-03 08:00:00,2025-09-10 13:00:00,,2025-08-26 10:00:00,0,60,114,,129,0.0,0.0,0.4375,0.20833333333333334,0.4,0.18867924528301888,0.5882352941176471,0.3333333333333333,0.625,1.0,0.0,0.17291666666666666,0.40773584905660376,0.2431372549019608,0.4875,22.57,393,Medium Engagement,digital_ad,True
36,Jason,Hahn,cardiology,low_value,TERR_20,Detroit,MI,hospital,1.8,False,Digital-Heavy,5.0,4.0,2.0,1.0,1.0,1.0,2.0,0.0,0.0,0.0,0.2,0.5,0.0,0.0,0.0,2025-08-08 11:00:00,2026-01-01 08:00:00,2025-09-30 09:00:00,2025-06-12 09:00:00,2025-11-11 17:00:00,147,1,94,204,52,0.058823529411764705,0.12820512820512822,0.125,0.24193548387096778,0.1,0.36585365853658536,0.23529411764705882,0.9677419354838709,0.3125,0.1694915254237288,0.04328808446455506,0.08588709677419357,0.10317073170731707,0.5141366223908919,0.22764830508474576,16.21,462,Low Engagement,email,True
37,Nancy,Edwards,primary_care,medium_value,TERR_29,Seattle,WA,clinic,5.1,False,In-Person-Heavy,2.0,10.0,8.0,3.0,2.0,1.0,0.0,1.0,3.0,0.0,0.5,0.0,0.125,1.0,0.0,2025-06-03 10:00:00,2025-12-04 11:00:00,2025-10-07 16:00:00,2025-12-23 08:00:00,2025-06-10 17:00:00,213,29,87,10,206,0.17647058823529413,0.75,0.5,0.25641025641025644,0.2,0.1271186440677966,0.5882352941176471,0.5084745762711864,0.125,0.1234567901234568,0.7029411764705883,0.2637820512820513,0.08542372881355932,0.2781655034895314,0.31219135802469133,36.93,145,Medium Engagement,rep_visit,True
38,Diana,Foster,oncology,low_value,TERR_41,Kansas City,MO,hospital,1.7,False,Mixed,0.0,3.0,4.0,7.0,1.0,0.0,0.0,1.0,7.0,1.0,0.0,0.0,0.25,1.0,1.0,,2025-05-29 10:00:00,2025-11-20 16:00:00,2025-07-02 11:00:00,2025-08-08 09:00:00,,218,43,184,147,0.4117647058823529,0.14018691588785046,0.25,0.410958904109589,0.1,0.1694915254237288,0.17647058823529413,0.12096774193548389,0.0,0.0,0.651566794942276,0.2821917808219178,0.5638983050847458,0.07713472485768502,0.0,37.63,131,Medium Engagement,rep_visit,True
39,Robin,Ellis,primary_care,medium_value,TERR_08,San Antonio,TX,private_practice,2.1,False,Mixed,3.0,2.0,5.0,3.0,4.0,3.0,1.0,1.0,3.0,1.0,1.0,0.5,0.2,1.0,0.25,2025-05-29 15:00:00,2025-11-21 09:00:00,2025-09-29 11:00:00,2025-08-29 08:00:00,2025-12-19 12:00:00,218,42,95,126,14,0.17647058823529413,0.1923076923076923,0.3125,0.24000000000000005,0.4,0.6818181818181818,0.11764705882352941,0.4166666666666667,0.1875,0.12096774193548389,0.5914027149321267,0.24175000000000002,0.38136363636363635,0.3686274509803922,0.5804435483870968,44.44,38,High Engagement,rep_visit,True
40,Joseph,Wright,cardiology,medium_value,TERR_12,El Paso,TX,hospital,1.1,False,Mixed,3.0,8.0,8.0,5.0,4.0,0.0,2.0,4.0,1.0,0.0,0.0,0.25,0.5,0.2,0.0,2025-12-29 17:00:00,2025-12-10 13:00:00,2025-11-13 10:00:00,2025-11-26 09:00:00,2025-08-29 15:00:00,4,23,50,37,126,0.29411764705882354,0.44776119402985076,0.5,0.37499999999999994,0.4,0.1923076923076923,0.47058823529411764,0.5660377358490566,0.1875,0.8823529411764706,0.27778753292361724,0.47500000000000003,0.15846153846153846,0.37938401775804664,0.23272058823529412,30.18,256,Medium Engagement,phone_call,True
41,Anna,Baker,dermatology,low_value,TERR_33,Memphis,TN,private_practice,0.5,False,Mixed,0.0,3.0,4.0,7.0,2.0,0.0,0.0,0.0,3.0,1.0,0.0,0.0,0.0,0.42857142857142855,0.5,,2025-12-23 08:00:00,2025-11-27 14:00:00,2025-09-04 08:00:00,2025-08-14 16:00:00,,10,36,120,141,0.4117647058823529,0.2,0.25,0.45454545454545453,0.2,0.17543859649122806,0.17647058823529413,0.75,0.0,0.0,0.3778151260504201,0.1659090909090909,0.3450877192982456,0.20294117647058826,0.0,24.6,356,Medium Engagement,rep_visit,True
42,Brenda,Hurst,primary_care,high_value,TERR_19,Houston,TX,private_practice,0.5,False,In-Person-Heavy,0.0,8.0,3.0,6.0,8.0,0.0,1.0,0.0,3.0,2.0,0.0,0.125,0.0,0.5,0.25,,2025-10-31 13:00:00,2025-11-28 10:00:00,2025-11-20 09:00:00,2025-09-24 11:00:00,,63,35,43,100,0.35294117647058826,0.410958904109589,0.1875,0.46153846153846145,0.8,0.23076923076923073,0.47058823529411764,0.3225806451612903,0.0,0.0,0.4380741337630943,0.14855769230769228,0.41115384615384615,0.26819259962049335,0.0,28.36,282,Medium Engagement,rep_visit,True
43,Reginald,Robinson,cardiology,medium_value,TERR_46,Philadelphia,PA,hospital,4.5,False,Digital-Heavy,2.0,2.0,4.0,8.0,6.0,0.0,0.0,4.0,4.0,1.0,0.0,0.0,1.0,0.5,0.16666666666666666,2025-06-27 12:00:00,2025-03-19 16:00:00,2025-08-26 11:00:00,2025-12-10 15:00:00,2025-12-26 11:00:00,189,289,129,23,7,0.47058823529411764,0.5660377358490566,0.25,0.18867924528301888,0.6,0.8108108108108107,0.11764705882352941,0.09404388714733543,0.125,0.136986301369863,0.5043840177580466,0.6127358490566037,0.4254954954954955,0.05410289507652591,0.0648972602739726,37.68,129,Medium Engagement,phone_call,True
44,Whitney,Hicks,cardiology,low_value,TERR_29,Arlington,TX,hospital,1.4,True,In-Person-Heavy,2.0,0.0,0.0,0.0,3.0,0.0,0.0,0.0,0.0,0.0,0.0,0.0,0.0,0.0,0.0,2025-04-28 17:00:00,,,,2025-12-15 12:00:00,249,,,,18,0.0,0.0,0.0,0.0,0.3,0.625,0.0,0.0,0.125,0.1075268817204301,0.0,0.0,0.215,0.0,0.05900537634408602,5.19,500,Low Engagement,Do Not Contact,False
45,Christopher,Williams,dermatology,low_value,TERR_32,Nashville,TN,clinic,1.0,False,In-Person-Heavy,2.0,1.0,5.0,4.0,2.0,0.0,0.0,5.0,3.0,0.0,0.0,0.0,1.0,0.75,0.0,2025-09-30 10:00:00,2025-08-04 16:00:00,2025-11-27 15:00:00,2025-10-29 08:00:00,2025-08-01 13:00:00,94,151,36,65,154,0.23529411764705882,0.31578947368421056,0.3125,0.45454545454545453,0.2,0.16304347826086957,0.058823529411764705,0.16574585635359115,0.125,0.24193548387096778,0.5087461300309597,0.6846590909090909,0.09260869565217392,0.05079623009424764,0.08588709677419357,32.86,219,Medium Engagement,phone_call,True
46,Daniel,Burton,primary_care,low_value,TERR_25,Omaha,NE,private_practice,3.5,False,In-Person-Heavy,1.0,6.0,2.0,3.0,2.0,0.0,2.0,0.0,2.0,0.0,0.0,0.3333333333333333,0.0,0.6666666666666666,0.0,2025-08-01 12:00:00,2025-11-17 11:00:00,2025-10-27 08:00:00,2025-07-11 15:00:00,2025-11-06 16:00:00,154,46,67,175,57,0.17647058823529413,0.14634146341463417,0.125,0.30927835051546393,0.2,0.3448275862068966,0.35294117647058826,0.39473684210526316,0.0625,0.16304347826086957,0.4155428024868484,0.09935567010309279,0.12896551724137933,0.35149638802889577,0.05135869565217391,23.08,381,Medium Engagement,rep_visit,True
47,Laura,Henderson,oncology,low_value,TERR_23,Los Angeles,CA,private_practice,5.8,False,In-Person-Heavy,2.0,4.0,4.0,3.0,3.0,0.0,2.0,0.0,0.0,0.0,0.0,0.5,0.0,0.0,0.0,2025-12-25 10:00:00,2025-09-12 10:00:00,2025-12-10 17:00:00,2025-12-16 14:00:00,2025-09-15 14:00:00,8,112,23,17,109,0.17647058823529413,0.6382978723404256,0.25,0.5660377358490566,0.3,0.21582733812949642,0.23529411764705882,0.2112676056338028,0.125,0.7894736842105263,0.18060075093867337,0.1882075471698113,0.1331654676258993,0.3628417564208782,0.1953947368421053,20.22,419,Medium Engagement,email,True
48,Bryan,James,cardiology,high_value,TERR_40,Tucson,AZ,private_practice,1.2,False,In-Person-Heavy,2.0,4.0,7.0,4.0,6.0,0.0,0.0,1.0,4.0,2.0,0.0,0.0,0.14285714285714285,1.0,0.3333333333333333,2025-12-30 09:00:00,2025-12-10 10:00:00,2025-10-23 17:00:00,2025-12-24 11:00:00,2025-09-17 10:00:00,3,23,71,9,107,0.23529411764705882,0.7692307692307692,0.4375,0.297029702970297,0.6,0.21897810218978103,0.23529411764705882,0.5660377358490566,0.125,0.9090909090909091,0.7244343891402715,0.26208451202263083,0.3904622871046229,0.18379578246392897,0.21931818181818183,40.83,79,High Engagement,rep_visit,True
49,Wendy,Rice,primary_care,medium_value,TERR_35,Cleveland,OH,clinic,4.2,False,Digital-Heavy,2.0,5.0,4.0,6.0,7.0,2.0,0.0,0.0,4.0,3.0,1.0,0.0,0.0,0.6666666666666666,0.42857142857142855,2025-10-10 12:00:00,2025-12-11 09:00:00,2025-11-25 12:00:00,2025-12-23 11:00:00,2025-09-05 17:00:00,84,22,38,10,119,0.35294117647058826,0.75,0.25,0.4411764705882353,0.7,0.20134228187919462,0.29411764705882354,0.5769230769230769,0.125,0.2631578947368421,0.5892156862745098,0.16323529411764706,0.4645541706615532,0.20361990950226244,0.5901315789473685,42.14,65,High Engagement,digital_ad,True
50,Tasha,Valencia,primary_care,medium_value,TERR_07,Kansas City,MO,clinic,3.3,True,In-Person-Heavy,2.0,0.0,0.0,5.0,2.0,0.0,0.0,0.0,5.0,1.0,0.0,0.0,0.0,1.0,0.5,2025-09-30 17:00:00,,,2025-11-21 11:00:00,2025-08-13 08:00:00,94,,,42,142,0.29411764705882354,0.4166666666666667,0.0,0.0,0.2,0.1744186046511628,0.0,0.0,0.125,0.24193548387096778,0.6715686274509804,0.0,0.34488372093023256,0.0,0.08588709677419357,28.33,283,Medium Engagement,Do Not Contact,False
51,Alexander,Le,dermatology,high_value,TERR_23,Charlotte,NC,private_practice,3.4,False,Digital-Heavy,7.0,12.0,4.0,3.0,5.0,2.0,3.0,2.0,1.0,0.0,0.2857142857142857,0.25,0.5,0.3333333333333333,0.0,2025-11-13 15:00:00,2025-11-28 16:00:00,2025-12-03 16:00:00,2025-05-27 11:00:00,2025-12-17 16:00:00,50,35,30,220,16,0.17647058823529413,0.12000000000000002,0.25,0.5,0.5,0.6521739130434783,0.7058823529411765,0.46153846153846145,0.4375,0.37499999999999994,0.24360784313725492,0.42500000000000004,0.28043478260869564,0.4290723981900453,0.3491071428571429,33.09,212,Medium Engagement,email,True
52,Erin,Herrera,endocrinology,medium_value,TERR_22,Oklahoma City,OK,clinic,2.6,False,Mixed,9.0,5.0,3.0,2.0,4.0,2.0,2.0,0.0,0.0,0.0,0.2222222222222222,0.4,0.0,0.0,0.0,2025-11-14 14:00:00,2025-12-11 08:00:00,2025-11-19 09:00:00,2025-06-02 12:00:00,2025-11-24 15:00:00,49,22,44,214,39,0.11764705882352941,0.12295081967213116,0.1875,0.4054054054054054,0.4,0.4347826086956522,0.29411764705882354,0.5769230769230769,0.5625,0.379746835443038,0.05988428158148505,0.13733108108108108,0.20695652173913043,0.40361990950226245,0.3558104781997187,20.07,421,Medium Engagement,email,True
53,Joseph,Davidson,oncology,low_value,TERR_42,Philadelphia,PA,cancer_center,2.2,False,Digital-Heavy,3.0,5.0,5.0,2.0,3.0,2.0,1.0,0.0,0.0,0.0,0.6666666666666666,0.2,0.0,0.0,0.0,2025-12-10 16:00:00,2025-12-23 14:00:00,2025-12-15 14:00:00,2025-10-22 16:00:00,2025-08-29 14:00:00,23,10,18,72,126,0.11764705882352941,0.29411764705882354,0.3125,0.625,0.3,0.1923076923076923,0.29411764705882354,0.75,0.1875,0.5660377358490566,0.09411764705882353,0.21875,0.12846153846153846,0.3382352941176471,0.5027908805031446,22.38,394,Medium Engagement,digital_ad,True
54,Daniel,Graham,cardiology,medium_value,TERR_44,Oakland,CA,private_practice,2.9,False,Digital-Heavy,10.0,9.0,2.0,1.0,2.0,1.0,2.0,0.0,0.0,0.0,0.1,0.2222222222222222,0.0,0.0,0.0,2025-12-05 12:00:00,2025-10-10 13:00:00,2025-11-07 10:00:00,2025-08-13 12:00:00,2025-06-03 09:00:00,28,84,56,142,213,0.058823529411764705,0.1744186046511628,0.125,0.3488372093023256,0.2,0.1234567901234568,0.5294117647058824,0.2631578947368421,0.625,0.5172413793103449,0.05253077975376197,0.10726744186046511,0.08469135802469135,0.3225662194702442,0.340948275862069,15.37,468,Low Engagement,digital_ad,True
55,Shawn,Mckay,dermatology,medium_value,TERR_35,Virginia Beach,VA,private_practice,0.9,False,In-Person-Heavy,2.0,5.0,3.0,8.0,5.0,0.0,3.0,0.0,2.0,1.0,0.0,0.6,0.0,0.25,0.2,2025-10-30 17:00:00,2025-12-16 13:00:00,2025-08-07 16:00:00,2025-10-17 12:00:00,2025-09-09 11:00:00,64,17,148,77,115,0.47058823529411764,0.2803738317757009,0.1875,0.16853932584269662,0.5,0.2068965517241379,0.29411764705882354,0.6382978723404256,0.125,0.3191489361702128,0.3222512369433755,0.08995786516853932,0.29137931034482756,0.5158948685857322,0.10132978723404257,26.55,323,Medium Engagement,email,True
56,Nancy,Baker,endocrinology,high_value,TERR_42,Baltimore,MD,private_practice,0.5,False,In-Person-Heavy,14.0,13.0,2.0,2.0,4.0,0.0,3.0,0.0,0.0,2.0,0.0,0.23076923076923078,0.0,0.0,0.5,2025-12-25 12:00:00,2025-12-19 13:00:00,2025-11-06 09:00:00,2025-08-13 11:00:00,2025-07-29 11:00:00,8,14,57,142,157,0.11764705882352941,0.1744186046511628,0.125,0.3448275862068966,0.4,0.16042780748663102,0.7647058823529411,0.6818181818181818,0.875,0.7894736842105263,0.07017783857729137,0.10646551724137931,0.4020855614973262,0.4811600164541341,0.42039473684210527,25.8,339,Medium Engagement,email,True
57,Vincent,White,cardiology,low_value,TERR_37,Portland,OR,hospital,1.6,True,In-Person-Heavy,1.0,0.0,0.0,5.0,3.0,0.0,0.0,0.0,4.0,0.0,0.0,0.0,0.0,0.8,0.0,2025-07-15 10:00:00,,,2025-09-01 16:00:00,2025-10-23 17:00:00,171,,,123,71,0.29411764705882354,0.19607843137254904,0.0,0.0,0.3,0.297029702970297,0.0,0.0,0.0625,0.14925373134328357,0.5274509803921569,0.0,0.1494059405940594,0.0,0.048600746268656715,19.54,429,Low Engagement,Do Not Contact,False
58,Rita,Harrell,dermatology,high_value,TERR_12,New York,NY,private_practice,2.6,False,Digital-Heavy,1.0,5.0,7.0,15.0,2.0,0.0,2.0,2.0,13.0,0.0,0.0,0.4,0.2857142857142857,0.8666666666666667,0.0,2025-10-09 08:00:00,2025-12-19 14:00:00,2025-12-30 11:00:00,2025-12-10 13:00:00,2025-09-25 17:00:00,85,14,3,23,99,0.8823529411764706,0.5660377358490566,0.4375,0.9090909090909091,0.2,0.23255813953488372,0.29411764705882354,0.6818181818181818,0.0625,0.2608695652173913,0.8112467628560858,0.4559253246753247,0.10651162790697674,0.42459893048128344,0.07092391304347827,43.02,52,High Engagement,rep_visit,True
59,Kenneth,Fowler,oncology,low_value,TERR_25,Virginia Beach,VA,private_practice,2.3,True,In-Person-Heavy,1.0,0.0,0.0,10.0,3.0,0.0,0.0,0.0,8.0,0.0,0.0,0.0,0.0,0.8,0.0,2025-07-11 15:00:00,,,2025-12-11 09:00:00,2025-09-25 17:00:00,175,,,22,99,0.5882352941176471,0.5769230769230769,0.0,0.0,0.3,0.23255813953488372,0.0,0.0,0.0625,0.14634146341463417,0.6918552036199096,0.0,0.13651162790697674,0.0,0.04801829268292683,24.21,365,Medium Engagement,Do Not Contact,False
60,Chelsea,Hernandez,dermatology,medium_value,TERR_39,Phoenix,AZ,private_practice,1.0,False,Digital-Heavy,6.0,9.0,7.0,4.0,5.0,0.0,1.0,1.0,3.0,1.0,0.0,0.1111111111111111,0.14285714285714285,0.75,0.2,2025-12-08 13:00:00,2025-07-18 15:00:00,2025-11-03 10:00:00,2025-11-11 15:00:00,2025-12-29 12:00:00,25,168,60,52,4,0.23529411764705882,0.36585365853658536,0.4375,0.3333333333333333,0.5,0.8823529411764706,0.5294117647058824,0.15151515151515152,0.375,0.5454545454545454,0.5187589670014346,0.2693452380952381,0.42647058823529416,0.24468211527035055,0.22159090909090906,36.47,160,Medium Engagement,rep_visit,True
61,Kathryn,Ryan,dermatology,medium_value,TERR_29,Columbus,OH,private_practice,4.7,False,Mixed,3.0,4.0,3.0,3.0,7.0,0.0,2.0,2.0,0.0,3.0,0.0,0.5,0.6666666666666666,0.0,0.42857142857142855,2025-10-16 16:00:00,2025-08-26 11:00:00,2025-08-04 15:00:00,2025-11-03 17:00:00,2025-12-17 11:00:00,78,129,151,60,16,0.17647058823529413,0.3333333333333333,0.1875,0.16574585635359115,0.7,0.6521739130434783,0.23529411764705882,0.18867924528301888,0.1875,0.2777777777777778,0.1196078431372549,0.42273250460405154,0.5547204968944099,0.3583240843507214,0.11180555555555555,30.19,255,Medium Engagement,webinar,True
62,Kimberly,Moreno,endocrinology,medium_value,TERR_46,Phoenix,AZ,private_practice,3.1,True,Mixed,5.0,0.0,0.0,7.0,3.0,0.0,0.0,0.0,2.0,0.0,0.0,0.0,0.0,0.2857142857142857,0.0,2025-11-24 17:00:00,,,2025-10-27 12:00:00,2025-11-17 15:00:00,39,,,67,46,0.4117647058823529,0.30927835051546393,0.0,0.0,0.3,0.39473684210526316,0.0,0.0,0.3125,0.4347826086956522,0.3282422247249415,0.0,0.16894736842105262,0.0,0.18070652173913043,15.94,464,Low Engagement,Do Not Contact,False
63,Aaron,Nguyen,endocrinology,low_value,TERR_30,Mesa,AZ,private_practice,0.8,False,In-Person-Heavy,2.0,3.0,3.0,3.0,4.0,0.0,3.0,2.0,2.0,0.0,0.0,1.0,0.6666666666666666,0.6666666666666666,0.0,2025-10-29 17:00:00,2025-12-12 12:00:00,2025-05-07 10:00:00,2025-09-02 13:00:00,2025-11-24 11:00:00,65,21,240,122,39,0.17647058823529413,0.19736842105263158,0.1875,0.1111111111111111,0.4,0.4347826086956522,0.17647058823529413,0.5882352941176471,0.125,0.31578947368421056,0.42574819401444786,0.4118055555555555,0.20695652173913043,0.6705882352941177,0.10065789473684211,36.72,154,Medium Engagement,email,True
64,Andrew,Hickman,oncology,medium_value,TERR_34,Milwaukee,WI,cancer_center,4.4,False,Digital-Heavy,6.0,2.0,9.0,4.0,3.0,0.0,1.0,4.0,4.0,0.0,0.0,0.5,0.4444444444444444,1.0,0.0,2025-11-12 15:00:00,2025-12-10 10:00:00,2025-11-26 11:00:00,2025-11-18 16:00:00,2025-12-26 11:00:00,51,23,37,45,7,0.23529411764705882,0.4,0.5625,0.44776119402985076,0.3,0.8108108108108107,0.11764705882352941,0.5660377358490566,0.375,0.37037037037037035,0.6505882352941177,0.48052446102819235,0.25216216216216214,0.3985016648168701,0.18657407407407406,42.95,55,High Engagement,rep_visit,True
65,Natasha,Decker,oncology,medium_value,TERR_04,San Francisco,CA,cancer_center,3.4,False,Mixed,1.0,2.0,8.0,11.0,4.0,1.0,0.0,6.0,5.0,4.0,1.0,0.0,0.75,0.45454545454545453,1.0,2025-08-26 12:00:00,2025-12-22 12:00:00,2025-11-13 11:00:00,2025-10-21 15:00:00,2025-08-07 17:00:00,129,11,50,73,148,0.6470588235294118,0.29126213592233013,0.5,0.37499999999999994,0.4,0.16853932584269662,0.11764705882352941,0.7317073170731707,0.0625,0.18867924528301888,0.47964280151601685,0.6,0.6537078651685393,0.18163558106169297,0.5564858490566038,50.54,5,High Engagement,webinar,True
66,Kyle,Brown,oncology,high_value,TERR_27,Washington,DC,hospital,4.2,False,Digital-Heavy,3.0,8.0,8.0,5.0,1.0,0.0,0.0,4.0,1.0,0.0,0.0,0.0,0.5,0.2,0.0,2025-10-01 16:00:00,2025-09-25 14:00:00,2025-11-11 08:00:00,2025-12-15 17:00:00,2025-10-16 09:00:00,93,99,52,18,78,0.29411764705882354,0.625,0.5,0.36585365853658536,0.1,0.2777777777777778,0.47058823529411764,0.23255813953488372,0.1875,0.24390243902439027,0.31323529411764706,0.4731707317073171,0.08555555555555555,0.18768809849521204,0.10503048780487806,24.96,352,Medium Engagement,phone_call,True
67,Natalie,Arroyo,endocrinology,low_value,TERR_37,Jacksonville,FL,private_practice,6.0,False,In-Person-Heavy,1.0,0.0,8.0,3.0,2.0,0.0,0.0,2.0,2.0,1.0,0.0,0.0,0.25,0.6666666666666666,0.5,2025-08-06 14:00:00,,2025-12-29 10:00:00,2025-11-20 10:00:00,2025-12-12 15:00:00,149,,4,43,21,0.17647058823529413,0.410958904109589,0.5,0.8823529411764706,0.2,0.5882352941176471,0.0,0.0,0.0625,0.16759776536312848,0.46846629062583933,0.4514705882352942,0.42764705882352944,0.0,0.052269553072625694,32.42,226,Medium Engagement,rep_visit,True
68,Christopher,Tucker,cardiology,high_value,TERR_43,Oakland,CA,clinic,0.5,False,Digital-Heavy,11.0,7.0,7.0,4.0,5.0,3.0,3.0,3.0,1.0,2.0,0.2727272727272727,0.42857142857142855,0.42857142857142855,0.25,0.4,2025-12-24 09:00:00,2025-10-16 14:00:00,2025-12-10 09:00:00,2025-12-29 17:00:00,2025-11-28 17:00:00,9,78,23,4,35,0.23529411764705882,0.8823529411764706,0.4375,0.5660377358490566,0.5,0.46153846153846145,0.4117647058823529,0.2777777777777778,0.6875,0.7692307692307692,0.3720588235294118,0.4587432614555256,0.4423076923076923,0.3933706816059757,0.4964597902097902,42.53,58,High Engagement,digital_ad,True
69,Chad,Hodges,dermatology,medium_value,TERR_08,Louisville,KY,private_practice,3.5,False,Mixed,0.0,4.0,4.0,5.0,3.0,0.0,1.0,2.0,2.0,1.0,0.0,0.25,0.5,0.4,0.3333333333333333,,2025-12-26 16:00:00,2025-10-28 14:00:00,2025-11-10 09:00:00,2025-08-05 11:00:00,,7,66,53,150,0.29411764705882354,0.3614457831325301,0.25,0.3125,0.3,0.16666666666666666,0.23529411764705882,0.8108108108108107,0.0,0.0,0.3605244507441531,0.3875,0.29,0.3577503974562798,0.0,29.73,261,Medium Engagement,phone_call,True
70,Katie,Anderson,oncology,low_value,TERR_41,San Antonio,TX,cancer_center,3.1,False,Digital-Heavy,7.0,5.0,1.0,1.0,2.0,1.0,3.0,0.0,0.0,0.0,0.14285714285714285,0.6,0.0,0.0,0.0,2025-10-23 17:00:00,2025-12-31 17:00:00,2025-07-22 14:00:00,2025-08-05 08:00:00,2025-08-15 08:00:00,71,2,164,150,140,0.058823529411764705,0.16666666666666666,0.0625,0.15463917525773196,0.2,0.1764705882352941,0.29411764705882354,0.9375,0.4375,0.297029702970297,0.050980392156862744,0.049677835051546396,0.09529411764705882,0.575735294117647,0.26208451202263083,17.0,457,Low Engagement,email,True
71,Thomas,Pierce,endocrinology,low_value,TERR_36,San Jose,CA,clinic,3.5,False,In-Person-Heavy,6.0,14.0,5.0,0.0,2.0,1.0,6.0,0.0,0.0,0.0,0.16666666666666666,0.42857142857142855,0.0,0.0,0.0,2025-11-28 16:00:00,2025-12-23 09:00:00,2025-09-15 09:00:00,,2025-12-12 16:00:00,35,10,109,,21,0.0,0.0,0.3125,0.21582733812949642,0.2,0.5882352941176471,0.8235294117647058,0.75,0.375,0.46153846153846145,0.0,0.1369154676258993,0.17764705882352944,0.6113445378151261,0.2881410256410256,19.78,428,Low Engagement,email,True
72,Joseph,Brennan,dermatology,high_value,TERR_49,Sacramento,CA,clinic,1.1,False,Mixed,2.0,6.0,8.0,7.0,6.0,0.0,0.0,2.0,4.0,0.0,0.0,0.0,0.25,0.5714285714285714,0.0,2025-10-27 13:00:00,2025-12-12 12:00:00,2025-12-24 16:00:00,2025-12-04 08:00:00,2025-10-07 12:00:00,67,21,9,29,87,0.4117647058823529,0.5084745762711864,0.5,0.7692307692307692,0.6,0.25641025641025644,0.35294117647058826,0.5882352941176471,0.125,0.30927835051546393,0.5109386127332289,0.4288461538461539,0.2312820512820513,0.2235294117647059,0.09935567010309279,33.37,204,Medium Engagement,rep_visit,True
73,Rodney,Lewis,endocrinology,low_value,TERR_37,Jacksonville,FL,private_practice,1.6,False,In-Person-Heavy,0.0,4.0,6.0,13.0,2.0,0.0,2.0,5.0,4.0,1.0,0.0,0.5,0.8333333333333334,0.3076923076923077,0.5,,2025-12-15 09:00:00,2026-01-01 15:00:00,2025-12-03 11:00:00,2025-11-24 11:00:00,,18,1,30,39,0.7647058823529411,0.5,0.375,0.9677419354838709,0.2,0.4347826086956522,0.23529411764705882,0.625,0.0,0.0,0.48325791855203615,0.7227150537634408,0.39695652173913043,0.4455882352941176,0.0,43.57,45,High Engagement,phone_call,True
74,Amber,Blair,primary_care,low_value,TERR_35,Raleigh,NC,clinic,1.0,False,Digital-Heavy,2.0,2.0,5.0,0.0,1.0,0.0,1.0,1.0,0.0,1.0,0.0,0.5,0.2,0.0,1.0,2025-10-20 14:00:00,2025-06-10 12:00:00,2025-12-18 17:00:00,,2025-09-02 09:00:00,74,206,15,,122,0.0,0.0,0.3125,0.6666666666666666,0.1,0.19736842105263158,0.11764705882352941,0.1271186440677966,0.125,0.28846153846153844,0.0,0.32708333333333334,0.5694736842105264,0.3107178464606181,0.09519230769230769,24.02,369,Medium Engagement,webinar,True
75,James,Collins,primary_care,medium_value,TERR_19,Arlington,TX,private_practice,0.5,False,Mixed,4.0,5.0,2.0,0.0,3.0,0.0,1.0,0.0,0.0,0.0,0.0,0.2,0.0,0.0,0.0,2025-05-21 15:00:00,2025-12-10 15:00:00,2025-09-10 11:00:00,,2025-06-30 15:00:00,226,23,114,,186,0.0,0.0,0.125,0.20833333333333334,0.3,0.1388888888888889,0.29411764705882354,0.5660377358490566,0.25,0.1171875,0.0,0.07916666666666666,0.11777777777777777,0.30144284128745835,0.0984375,9.94,494,Low Engagement,email,True
76,Wanda,Santos,endocrinology,high_value,TERR_12,Dallas,TX,private_practice,0.5,False,In-Person-Heavy,10.0,14.0,7.0,2.0,1.0,0.0,3.0,2.0,0.0,0.0,0.0,0.21428571428571427,0.2857142857142857,0.0,0.0,2025-12-17 08:00:00,2025-12-09 11:00:00,2025-12-25 15:00:00,2025-08-04 09:00:00,2025-10-28 08:00:00,16,24,8,151,66,0.11764705882352941,0.16574585635359115,0.4375,0.7894736842105263,0.1,0.3125,0.8235294117647058,0.5555555555555556,0.625,0.6521739130434783,0.06844328891777705,0.4320018796992482,0.0925,0.46531279178338,0.3179347826086957,24.29,362,Medium Engagement,email,True
77,Samuel,Holmes,endocrinology,low_value,TERR_05,Sacramento,CA,hospital,2.7,False,In-Person-Heavy,2.0,5.0,2.0,1.0,2.0,0.0,1.0,0.0,0.0,0.0,0.0,0.2,0.0,0.0,0.0,2025-11-11 12:00:00,2025-07-28 15:00:00,2025-10-16 17:00:00,2025-05-26 15:00:00,2025-09-30 11:00:00,52,158,78,221,94,0.058823529411764705,0.1195219123505976,0.125,0.2777777777777778,0.2,0.24193548387096778,0.29411764705882354,0.1595744680851064,0.125,0.36585365853658536,0.04155144129364893,0.09305555555555556,0.10838709677419356,0.22015018773466832,0.11067073170731706,10.24,493,Low Engagement,email,True
78,David,Walker,endocrinology,low_value,TERR_36,Nashville,TN,private_practice,4.4,False,Digital-Heavy,2.0,2.0,4.0,8.0,1.0,0.0,1.0,1.0,3.0,0.0,0.0,0.5,0.25,0.375,0.0,2025-12-17 15:00:00,2025-11-10 14:00:00,2025-09-12 15:00:00,2025-12-12 14:00:00,2025-03-18 17:00:00,16,53,112,21,290,0.47058823529411764,0.5882352941176471,0.25,0.2112676056338028,0.1,0.09375,0.11764705882352941,0.3614457831325301,0.125,0.6521739130434783,0.44632352941176473,0.24225352112676057,0.04875,0.35758327427356484,0.16793478260869565,27.09,309,Medium Engagement,rep_visit,True
79,Matthew,Chapman,primary_care,medium_value,TERR_47,Jacksonville,FL,private_practice,2.7,False,In-Person-Heavy,4.0,7.0,5.0,2.0,3.0,0.0,0.0,1.0,2.0,2.0,0.0,0.0,0.2,1.0,0.6666666666666666,2025-08-13 09:00:00,2025-12-26 17:00:00,2025-12-16 12:00:00,2025-06-26 12:00:00,2025-11-27 12:00:00,142,7,17,190,36,0.11764705882352941,0.13636363636363638,0.3125,0.6382978723404256,0.3,0.45454545454545453,0.4117647058823529,0.8108108108108107,0.25,0.1744186046511628,0.562566844919786,0.32140957446808516,0.5142424242424243,0.28569157392686806,0.10988372093023255,39.52,105,Medium Engagement,rep_visit,True
80,Jerry,Robinson,primary_care,high_value,TERR_38,San Antonio,TX,clinic,3.4,False,In-Person-Heavy,2.0,1.0,12.0,6.0,7.0,1.0,0.0,9.0,6.0,0.0,0.5,0.0,0.75,1.0,0.0,2025-05-05 15:00:00,2025-12-04 12:00:00,2025-11-19 13:00:00,2025-12-29 11:00:00,2025-12-12 11:00:00,242,29,44,4,21,0.35294117647058826,0.8823529411764706,0.75,0.4054054054054054,0.7,0.5882352941176471,0.058823529411764705,0.5084745762711864,0.125,0.11029411764705882,0.7823529411764706,0.681081081081081,0.3276470588235294,0.1193419740777667,0.3095588235294117,50.08,6,High Engagement,rep_visit,True
81,Chad,Welch,dermatology,high_value,TERR_08,New Orleans,LA,private_practice,0.5,False,Digital-Heavy,12.0,11.0,3.0,0.0,4.0,0.0,3.0,1.0,0.0,0.0,0.0,0.2727272727272727,0.3333333333333333,0.0,0.0,2025-11-10 08:00:00,2025-12-17 16:00:00,2025-12-01 16:00:00,,2025-10-08 16:00:00,53,16,32,,86,0.0,0.0,0.1875,0.48387096774193555,0.4,0.25862068965517243,0.6470588235294118,0.6521739130434783,0.75,0.3614457831325301,0.0,0.3196908602150538,0.17172413793103447,0.46091606603115554,0.297289156626506,21.2,406,Medium Engagement,email,True
82,Jeremy,Whitehead,dermatology,low_value,TERR_07,Oklahoma City,OK,private_practice,1.3,True,Digital-Heavy,2.0,0.0,0.0,2.0,4.0,0.0,0.0,0.0,2.0,2.0,0.0,0.0,0.0,1.0,0.5,2025-03-13 16:00:00,,,2025-11-11 17:00:00,2025-09-04 15:00:00,295,,,52,120,0.11764705882352941,0.36585365853658536,0.0,0.0,0.4,0.2,0.0,0.0,0.125,0.0923076923076923,0.6084648493543758,0.0,0.41000000000000003,0.0,0.05596153846153846,27.29,306,Medium Engagement,Do Not Contact,False
83,Michele,Jones,dermatology,high_value,TERR_26,Denver,CO,clinic,0.5,False,Mixed,4.0,3.0,6.0,5.0,8.0,0.0,0.0,0.0,1.0,6.0,0.0,0.0,0.0,0.2,0.75,2025-09-18 15:00:00,2025-04-30 10:00:00,2025-11-26 17:00:00,2025-10-14 17:00:00,2025-12-29 11:00:00,106,247,37,80,4,0.29411764705882354,0.27272727272727276,0.375,0.44776119402985076,0.8,0.8823529411764706,0.17647058823529413,0.10830324909747294,0.25,0.22058823529411764,0.24278074866310162,0.20205223880597015,0.7914705882352941,0.07460182629008283,0.11911764705882352,30.06,258,Medium Engagement,webinar,True
84,John,Caldwell,cardiology,high_value,TERR_20,Memphis,TN,private_practice,5.2,False,Digital-Heavy,1.0,4.0,8.0,8.0,1.0,0.0,2.0,3.0,7.0,0.0,0.0,0.5,0.375,0.875,0.0,2025-08-22 17:00:00,2025-12-22 13:00:00,2025-12-08 09:00:00,2026-01-01 14:00:00,2025-12-03 10:00:00,133,11,25,1,30,0.47058823529411764,0.9677419354838709,0.5,0.5454545454545454,0.1,0.5,0.23529411764705882,0.7317073170731707,0.0625,0.18404907975460122,0.7722248576850095,0.4465909090909091,0.13,0.4669296987087518,0.055559815950920244,42.54,57,High Engagement,rep_visit,True
85,Jason,Anderson,dermatology,low_value,TERR_49,Oklahoma City,OK,hospital,0.5,False,Digital-Heavy,2.0,5.0,1.0,0.0,7.0,0.0,0.0,0.0,0.0,5.0,0.0,0.0,0.0,0.0,0.7142857142857143,2025-06-30 08:00:00,2025-12-16 17:00:00,2025-07-28 12:00:00,,2025-11-19 17:00:00,186,17,158,,44,0.0,0.0,0.0625,0.1595744680851064,0.7,0.4054054054054054,0.29411764705882354,0.6382978723404256,0.125,0.1388888888888889,0.0,0.050664893617021284,0.6482239382239383,0.2158948685857322,0.06527777777777778,18.2,441,Low Engagement,webinar,True
86,Selena,Duncan,primary_care,high_value,TERR_44,Minneapolis,MN,private_practice,1.8,False,In-Person-Heavy,1.0,12.0,8.0,3.0,3.0,0.0,0.0,2.0,0.0,1.0,0.0,0.0,0.25,0.0,0.3333333333333333,2025-07-01 08:00:00,2025-12-26 08:00:00,2025-11-07 08:00:00,2025-11-17 14:00:00,2025-10-28 10:00:00,185,7,56,46,66,0.17647058823529413,0.39473684210526316,0.5,0.3488372093023256,0.3,0.3125,0.7058823529411765,0.8108108108108107,0.0625,0.13953488372093023,0.13188854489164087,0.34476744186046515,0.31916666666666665,0.37392686804451514,0.04665697674418605,23.54,375,Medium Engagement,email,True
87,Thomas,Mueller,dermatology,medium_value,TERR_37,Kansas City,MO,private_practice,1.4,False,Mixed,5.0,7.0,0.0,0.0,7.0,1.0,2.0,0.0,0.0,4.0,0.2,0.2857142857142857,0.0,0.0,0.5714285714285714,2025-11-28 14:00:00,2025-11-20 17:00:00,,,2025-10-31 14:00:00,35,43,,,63,0.0,0.0,0.0,0.0,0.7,0.3225806451612903,0.4117647058823529,0.410958904109589,0.3125,0.46153846153846145,0.0,0.0,0.5602304147465438,0.34857833544376654,0.2860576923076923,20.72,413,Medium Engagement,webinar,True
88,Lindsey,Lee,cardiology,low_value,TERR_47,Raleigh,NC,hospital,4.5,False,Digital-Heavy,2.0,5.0,9.0,7.0,0.0,0.0,0.0,3.0,3.0,0.0,0.0,0.0,0.3333333333333333,0.42857142857142855,0.0,2025-06-04 13:00:00,2025-09-19 10:00:00,2025-11-25 14:00:00,2025-12-12 09:00:00,,212,105,38,21,,0.4117647058823529,0.5882352941176471,0.5625,0.4411764705882353,0.0,0.0,0.29411764705882354,0.2222222222222222,0.125,0.12396694214876033,0.45546218487394957,0.4236519607843137,0.0,0.1326797385620915,0.062293388429752065,25.06,347,Medium Engagement,rep_visit,True
89,Collin,Jordan,primary_care,low_value,TERR_16,Nashville,TN,clinic,4.6,True,In-Person-Heavy,6.0,0.0,0.0,0.0,4.0,1.0,0.0,0.0,0.0,0.0,0.16666666666666666,0.0,0.0,0.0,0.0,2025-12-25 10:00:00,,,,2025-09-05 14:00:00,8,,,,119,0.0,0.0,0.0,0.0,0.4,0.20134228187919462,0.0,0.0,0.375,0.7894736842105263,0.0,0.0,0.16026845637583892,0.0,0.3537280701754386,8.51,497,Low Engagement,Do Not Contact,False
90,Rodney,Owens,primary_care,low_value,TERR_16,San Diego,CA,hospital,2.7,True,Digital-Heavy,2.0,0.0,0.0,4.0,6.0,0.0,0.0,0.0,0.0,0.0,0.0,0.0,0.0,0.0,0.0,2025-10-28 11:00:00,,,2025-10-10 13:00:00,2025-12-12 09:00:00,66,,,84,21,0.23529411764705882,0.2631578947368421,0.0,0.0,0.6,0.5882352941176471,0.0,0.0,0.125,0.3125,0.12321981424148606,0.0,0.29764705882352943,0.0,0.1,11.15,490,Low Engagement,Do Not Contact,False
91,Jessica,Nunez,endocrinology,high_value,TERR_08,Cleveland,OH,private_practice,3.5,False,Digital-Heavy,1.0,2.0,9.0,8.0,7.0,0.0,0.0,8.0,4.0,3.0,0.0,0.0,0.8888888888888888,0.5,0.42857142857142855,2025-11-13 14:00:00,2025-05-22 16:00:00,2025-10-13 15:00:00,2025-12-05 10:00:00,2025-12-08 11:00:00,50,225,81,28,25,0.47058823529411764,0.5172413793103449,0.5625,0.27027027027027023,0.7,0.5454545454545454,0.11764705882352941,0.11764705882352941,0.0625,0.37499999999999994,0.4946247464503043,0.6672484984984984,0.5333766233766234,0.058823529411764705,0.09375,41.14,74,High Engagement,phone_call,True
92,Tracey,Garcia,endocrinology,low_value,TERR_27,Indianapolis,IN,private_practice,0.5,False,Digital-Heavy,1.0,7.0,2.0,3.0,3.0,0.0,2.0,1.0,0.0,1.0,0.0,0.2857142857142857,0.5,0.0,0.3333333333333333,2025-06-18 08:00:00,2025-12-04 16:00:00,2025-07-25 10:00:00,2025-10-20 13:00:00,2025-11-19 10:00:00,198,29,161,74,44,0.17647058823529413,0.28846153846153844,0.125,0.15706806282722513,0.3,0.4054054054054054,0.4117647058823529,0.5084745762711864,0.0625,0.13157894736842105,0.11063348416289592,0.318913612565445,0.33774774774774774,0.36808146987608603,0.04506578947368421,22.65,387,Medium Engagement,email,True
93,Richard,Morgan,primary_care,medium_value,TERR_46,Sacramento,CA,private_practice,0.5,False,Mixed,6.0,11.0,2.0,0.0,5.0,0.0,3.0,0.0,0.0,2.0,0.0,0.2727272727272727,0.0,0.0,0.4,2025-11-28 08:00:00,2025-11-04 08:00:00,2025-04-28 17:00:00,,2025-12-10 10:00:00,35,59,249,,23,0.0,0.0,0.125,0.1075268817204301,0.5,0.5660377358490566,0.6470588235294118,0.33707865168539325,0.375,0.46153846153846145,0.0,0.05900537634408602,0.4632075471698113,0.3978970137595385,0.2048076923076923,19.48,430,Low Engagement,webinar,True
94,Michelle,Wright,dermatology,medium_value,TERR_05,Wichita,KS,hospital,3.5,False,Digital-Heavy,2.0,6.0,5.0,3.0,0.0,0.0,0.0,1.0,1.0,0.0,0.0,0.0,0.2,0.3333333333333333,0.0,2025-05-23 15:00:00,2025-12-01 13:00:00,2025-11-21 10:00:00,2025-10-03 15:00:00,,224,32,42,91,,0.17647058823529413,0.24793388429752067,0.3125,0.4166666666666667,0.0,0.0,0.35294117647058826,0.48387096774193555,0.125,0.11811023622047244,0.26919461999675903,0.27708333333333335,0.0,0.2026565464895636,0.061122047244094486,17.57,451,Low Engagement,phone_call,True
95,James,West,primary_care,low_value,TERR_01,Seattle,WA,private_practice,1.1,False,Digital-Heavy,3.0,8.0,3.0,0.0,4.0,0.0,5.0,0.0,0.0,2.0,0.0,0.625,0.0,0.0,0.5,2025-12-30 12:00:00,2025-12-08 16:00:00,2025-08-18 09:00:00,,2025-11-06 11:00:00,3,25,137,,57,0.0,0.0,0.1875,0.17964071856287425,0.4,0.3448275862068966,0.47058823529411764,0.5454545454545454,0.1875,0.9090909090909091,0.0,0.09217814371257485,0.43896551724137933,0.5627673796791444,0.23806818181818182,22.64,389,Medium Engagement,email,True
96,Robert,Ramirez,primary_care,low_value,TERR_25,El Paso,TX,private_practice,1.0,False,In-Person-Heavy,3.0,5.0,5.0,4.0,4.0,0.0,0.0,1.0,3.0,1.0,0.0,0.0,0.2,0.75,0.25,2025-11-18 13:00:00,2025-09-24 14:00:00,2025-09-11 16:00:00,2025-12-03 14:00:00,2025-11-03 09:00:00,45,100,113,30,60,0.23529411764705882,0.5,0.3125,0.2097902097902098,0.4,0.3333333333333333,0.29411764705882354,0.23076923076923073,0.1875,0.4,0.5455882352941176,0.23570804195804196,0.31166666666666665,0.1343891402714932,0.13625,31.37,240,Medium Engagement,rep_visit,True
97,John,Leblanc,cardiology,medium_value,TERR_01,Boston,MA,clinic,0.5,False,Mixed,5.0,6.0,5.0,4.0,7.0,1.0,3.0,2.0,2.0,3.0,0.2,0.5,0.4,0.5,0.42857142857142855,2025-12-26 17:00:00,2026-01-02 08:00:00,2025-04-29 12:00:00,2025-12-09 17:00:00,2025-11-26 11:00:00,7,0,248,24,37,0.23529411764705882,0.5555555555555556,0.3125,0.1079136690647482,0.7,0.44776119402985076,0.35294117647058826,1.0,0.3125,0.8108108108108107,0.4316993464052287,0.31533273381294963,0.5138379530916845,0.5558823529411765,0.35591216216216215,43.21,50,High Engagement,email,True
98,Scott,Callahan,endocrinology,medium_value,TERR_38,Chicago,IL,hospital,0.5,False,Digital-Heavy,1.0,3.0,9.0,7.0,3.0,1.0,0.0,2.0,5.0,1.0,1.0,0.0,0.2222222222222222,0.7142857142857143,0.3333333333333333,2025-06-03 14:00:00,2025-05-28 11:00:00,2026-01-01 17:00:00,2025-08-26 08:00:00,2025-10-20 10:00:00,213,219,1,129,74,0.4117647058823529,0.18867924528301888,0.5625,0.9677419354838709,0.3,0.28846153846153844,0.17647058823529413,0.12048192771084336,0.0625,0.1234567901234568,0.5184081179641669,0.4734094982078853,0.31435897435897436,0.07703756201275691,0.5434413580246914,40.61,82,High Engagement,digital_ad,True
99,Andrea,Williams,dermatology,medium_value,TERR_21,Columbus,OH,clinic,0.7,False,In-Person-Heavy,0.0,1.0,6.0,1.0,2.0,0.0,0.0,1.0,1.0,1.0,0.0,0.0,0.16666666666666666,1.0,0.5,,2025-09-24 17:00:00,2026-01-01 09:00:00,2025-03-20 13:00:00,2025-07-31 16:00:00,,100,1,288,155,0.058823529411764705,0.09433962264150944,0.375,0.9677419354838709,0.2,0.16216216216216214,0.058823529411764705,0.23076923076923073,0.0,0.0,0.5365149833518313,0.3893817204301075,0.34243243243243243,0.06380090497737556,0.0,31.69,237,Medium Engagement,rep_visit,True
100,Yvette,Huff,primary_care,low_value,TERR_13,Houston,TX,private_practice,2.3,True,Digital-Heavy,0.0,0.0,0.0,5.0,2.0,0.0,0.0,0.0,5.0,1.0,0.0,0.0,0.0,1.0,0.5,,,,2025-12-03 17:00:00,2025-06-26 15:00:00,,,,30,190,0.29411764705882354,0.5,0.0,0.0,0.2,0.13636363636363638,0.0,0.0,0.0,0.0,0.6882352941176471,0.0,0.3372727272727273,0.0,0.0,27.39,304,Medium Engagement,Do Not Contact,False
101,Tanya,House,primary_care,low_value,TERR_26,Fresno,CA,clinic,1.6,True,In-Person-Heavy,1.0,0.0,0.0,12.0,1.0,0.0,0.0,0.0,6.0,1.0,0.0,0.0,0.0,0.5,1.0,2025-10-15 16:00:00,,,2025-12-23 16:00:00,2025-07-03 09:00:00,79,,,10,183,0.7058823529411765,0.75,0.0,0.0,0.1,0.14084507042253522,0.0,0.0,0.0625,0.27522935779816515,0.611764705882353,0.0,0.558169014084507,0.0,0.07379587155963303,30.62,248,Medium Engagement,Do Not Contact,False
102,Melinda,Martin,cardiology,low_value,TERR_44,Phoenix,AZ,hospital,1.0,True,In-Person-Heavy,3.0,0.0,0.0,4.0,0.0,0.0,0.0,0.0,2.0,0.0,0.0,0.0,0.0,0.5,0.0,2025-07-16 14:00:00,,,2025-09-01 16:00:00,,170,,,123,,0.23529411764705882,0.19607843137254904,0.0,0.0,0.0,0.0,0.0,0.0,0.1875,0.15,0.35980392156862745,0.0,0.0,0.0,0.08625,12.09,488,Low Engagement,Do Not Contact,False
103,Todd,Lewis,cardiology,medium_value,TERR_39,Atlanta,GA,private_practice,7.5,False,In-Person-Heavy,4.0,10.0,5.0,3.0,3.0,0.0,2.0,3.0,2.0,3.0,0.0,0.2,0.6,0.6666666666666666,1.0,2025-10-28 10:00:00,2025-12-31 14:00:00,2025-11-20 09:00:00,2025-09-03 08:00:00,2025-12-22 10:00:00,66,2,43,121,11,0.17647058823529413,0.19867549668874174,0.3125,0.410958904109589,0.3,0.7317073170731707,0.5882352941176471,0.9375,0.25,0.3125,0.42600960914166985,0.4759417808219178,0.7363414634146341,0.46397058823529413,0.1375,46.05,20,High Engagement,webinar,True
104,Richard,Brown,endocrinology,low_value,TERR_18,Baltimore,MD,hospital,4.1,False,Digital-Heavy,3.0,7.0,1.0,2.0,2.0,1.0,1.0,0.0,1.0,0.0,0.3333333333333333,0.14285714285714285,0.0,0.5,0.0,2025-12-31 10:00:00,2025-12-11 11:00:00,2025-01-18 14:00:00,2025-08-06 09:00:00,2025-03-14 08:00:00,2,22,349,149,294,0.11764705882352941,0.16759776536312848,0.0625,0.079155672823219,0.2,0.09259259259259259,0.4117647058823529,0.5769230769230769,0.1875,0.9375,0.3188136707196845,0.0345811345646438,0.07851851851851852,0.31034259857789265,0.41041666666666665,22.64,389,Medium Engagement,digital_ad,True
105,Nicholas,Galloway,cardiology,low_value,TERR_15,Baltimore,MD,private_practice,0.5,False,Digital-Heavy,2.0,8.0,2.0,0.0,5.0,0.0,4.0,0.0,0.0,0.0,0.0,0.5,0.0,0.0,0.0,2025-08-06 11:00:00,2025-11-27 13:00:00,2025-07-09 10:00:00,,2025-12-01 09:00:00,149,36,177,,32,0.0,0.0,0.125,0.14492753623188406,0.5,0.48387096774193555,0.47058823529411764,0.45454545454545453,0.125,0.16759776536312848,0.0,0.06648550724637681,0.24677419354838712,0.4820855614973262,0.0710195530726257,14.56,473,Low Engagement,email,True
106,Joseph,Bowers,oncology,high_value,TERR_04,San Jose,CA,private_practice,2.8,False,Digital-Heavy,0.0,3.0,11.0,13.0,5.0,0.0,0.0,2.0,7.0,0.0,0.0,0.0,0.18181818181818182,0.5384615384615384,0.0,,2025-11-20 16:00:00,2025-12-11 11:00:00,2026-01-01 16:00:00,2025-12-24 11:00:00,,43,22,1,9,0.7647058823529411,0.9677419354838709,0.6875,0.5769230769230769,0.5,0.7692307692307692,0.17647058823529413,0.410958904109589,0.0,0.0,0.6921909210334257,0.41254370629370624,0.3038461538461539,0.13513295729250605,0.0,37.12,141,Medium Engagement,rep_visit,True
107,Spencer,Henderson,primary_care,high_value,TERR_02,Fort Worth,TX,private_practice,3.4,False,Digital-Heavy,4.0,10.0,7.0,8.0,5.0,0.0,1.0,4.0,4.0,0.0,0.0,0.1,0.5714285714285714,0.5,0.0,2026-01-02 10:00:00,2025-12-15 09:00:00,2025-11-28 12:00:00,2025-10-31 12:00:00,2025-12-24 15:00:00,0,18,35,63,9,0.47058823529411764,0.3225806451612903,0.4375,0.46153846153846145,0.5,0.7692307692307692,0.5882352941176471,0.625,0.25,1.0,0.45569259962049335,0.509271978021978,0.3038461538461539,0.35147058823529415,0.275,39.33,109,Medium Engagement,phone_call,True
108,Susan,Cowan,cardiology,high_value,TERR_47,Nashville,TN,hospital,2.8,False,Digital-Heavy,11.0,9.0,6.0,1.0,6.0,0.0,1.0,0.0,0.0,0.0,0.0,0.1111111111111111,0.0,0.0,0.0,2025-09-26 09:00:00,2025-11-24 13:00:00,2026-01-02 12:00:00,2025-05-20 08:00:00,2025-12-12 13:00:00,98,39,0,227,21,0.058823529411764705,0.11673151750972763,0.375,1.0,0.6,0.5882352941176471,0.5294117647058824,0.4347826086956522,0.6875,0.234375,0.04099336232547494,0.3125,0.29764705882352943,0.3013356067064507,0.253125,21.75,402,Medium Engagement,phone_call,True
109,Angela,Higgins,cardiology,medium_value,TERR_03,Albuquerque,NM,private_practice,2.0,False,Mixed,0.0,5.0,6.0,10.0,2.0,0.0,2.0,3.0,5.0,1.0,0.0,0.4,0.5,0.5,0.5,,2025-11-10 14:00:00,2025-08-07 12:00:00,2025-12-12 17:00:00,2025-08-12 08:00:00,,53,148,21,143,0.5882352941176471,0.5882352941176471,0.375,0.16853932584269662,0.2,0.17341040462427745,0.29411764705882354,0.3614457831325301,0.0,0.0,0.5441176470588236,0.39620786516853934,0.34468208092485547,0.3605244507441531,0.0,36.55,158,Medium Engagement,rep_visit,True
110,Eric,Phillips,cardiology,low_value,TERR_19,Boston,MA,hospital,0.5,False,Mixed,0.0,4.0,2.0,8.0,1.0,0.0,0.0,0.0,5.0,0.0,0.0,0.0,0.0,0.625,0.0,,2025-07-11 10:00:00,2025-01-28 14:00:00,2025-12-16 15:00:00,2025-02-15 09:00:00,,175,339,17,321,0.47058823529411764,0.6382978723404256,0.125,0.08130081300813008,0.1,0.08547008547008547,0.23529411764705882,0.14634146341463417,0.0,0.0,0.5813360450563204,0.05376016260162601,0.047094017094017095,0.09985652797704447,0.0,20.96,411,Medium Engagement,rep_visit,True
111,Tanya,Riley,dermatology,medium_value,TERR_05,Raleigh,NC,private_practice,2.9,True,Mixed,2.0,0.0,0.0,6.0,2.0,1.0,0.0,0.0,3.0,1.0,0.5,0.0,0.0,0.5,0.5,2025-12-05 13:00:00,,,2025-10-07 17:00:00,2025-09-08 16:00:00,28,,,87,116,0.35294117647058826,0.25641025641025644,0.0,0.0,0.2,0.2054794520547945,0.0,0.0,0.125,0.5172413793103449,0.40716440422322775,0.0,0.3510958904109589,0.0,0.39094827586206893,25.1,346,Medium Engagement,Do Not Contact,False
112,Amy,Adkins,endocrinology,high_value,TERR_14,Portland,OR,private_practice,2.1,False,Mixed,0.0,6.0,10.0,10.0,2.0,0.0,1.0,4.0,9.0,0.0,0.0,0.16666666666666666,0.4,0.9,0.0,,2025-09-22 14:00:00,2025-12-08 17:00:00,2025-11-18 16:00:00,2025-06-23 08:00:00,,102,25,45,193,0.5882352941176471,0.4,0.625,0.5454545454545454,0.2,0.13452914798206278,0.35294117647058826,0.22727272727272727,0.0,0.0,0.7064705882352942,0.4965909090909091,0.08690582959641255,0.23467023172905527,0.0,36.38,165,Medium Engagement,rep_visit,True
113,Brian,Silva,dermatology,high_value,TERR_30,Miami,FL,private_practice,8.4,False,In-Person-Heavy,12.0,10.0,4.0,0.0,7.0,1.0,3.0,3.0,0.0,3.0,0.08333333333333333,0.3,0.75,0.0,0.42857142857142855,2025-12-29 17:00:00,2025-10-08 12:00:00,2025-12-04 17:00:00,,2025-10-21 13:00:00,4,86,29,,73,0.0,0.0,0.25,0.5084745762711864,0.7,0.29126213592233013,0.5882352941176471,0.25862068965517243,0.75,0.8823529411764706,0.0,0.5516949152542373,0.4825381414701803,0.3781947261663286,0.44313725490196076,33.0,217,Medium Engagement,phone_call,True
114,Wesley,Farrell,dermatology,high_value,TERR_08,Arlington,TX,private_practice,1.0,False,Mixed,11.0,8.0,3.0,0.0,6.0,2.0,2.0,0.0,0.0,0.0,0.18181818181818182,0.25,0.0,0.0,0.0,2025-12-03 14:00:00,2025-12-31 14:00:00,2025-10-28 10:00:00,,2025-10-13 15:00:00,30,2,66,,81,0.0,0.0,0.1875,0.3125,0.6,0.27027027027027023,0.47058823529411764,0.9375,0.6875,0.5,0.0,0.11875,0.23405405405405405,0.4536764705882353,0.39715909090909085,19.82,426,Low Engagement,email,True
115,Eric,Yu,cardiology,medium_value,TERR_26,Memphis,TN,private_practice,2.4,False,Digital-Heavy,2.0,4.0,9.0,5.0,4.0,0.0,0.0,4.0,1.0,0.0,0.0,0.0,0.4444444444444444,0.2,0.0,2025-12-10 11:00:00,2025-12-02 14:00:00,2025-11-26 12:00:00,2025-11-19 16:00:00,2025-12-23 17:00:00,23,31,37,44,10,0.29411764705882354,0.4054054054054054,0.5625,0.44776119402985076,0.4,0.75,0.23529411764705882,0.49180327868852464,0.125,0.5660377358490566,0.26931637519872814,0.48052446102819235,0.27,0.1689488910318226,0.15070754716981133,27.88,294,Medium Engagement,phone_call,True
116,Christopher,Lopez,oncology,high_value,TERR_07,Chicago,IL,cancer_center,0.5,False,In-Person-Heavy,12.0,5.0,3.0,2.0,6.0,1.0,1.0,0.0,1.0,1.0,0.08333333333333333,0.2,0.0,0.5,0.16666666666666666,2025-12-02 08:00:00,2025-11-04 17:00:00,2025-11-20 08:00:00,2025-08-01 13:00:00,2025-11-27 12:00:00,31,59,43,154,36,0.11764705882352941,0.16304347826086957,0.1875,0.410958904109589,0.6,0.45454545454545453,0.29411764705882354,0.33707865168539325,0.75,0.49180327868852464,0.3179028132992327,0.1384417808219178,0.35424242424242425,0.2556510244547257,0.3650273224043716,28.7,276,Medium Engagement,digital_ad,True
117,Brooke,Leonard,cardiology,medium_value,TERR_15,Oklahoma City,OK,hospital,7.5,False,In-Person-Heavy,8.0,6.0,3.0,3.0,5.0,0.0,4.0,1.0,1.0,0.0,0.0,0.6666666666666666,0.3333333333333333,0.3333333333333333,0.0,2025-10-23 15:00:00,2025-12-15 10:00:00,2025-11-26 10:00:00,2025-12-29 08:00:00,2025-12-24 11:00:00,71,18,37,4,9,0.17647058823529413,0.8823529411764706,0.1875,0.44776119402985076,0.5,0.7692307692307692,0.35294117647058826,0.625,0.5,0.297029702970297,0.39607843137254906,0.31246890547263684,0.3038461538461539,0.5642156862745098,0.2094059405940594,35.81,172,Medium Engagement,email,True
118,Joe,Wilson,dermatology,low_value,TERR_17,Colorado Springs,CO,private_practice,0.5,False,In-Person-Heavy,1.0,1.0,6.0,10.0,4.0,1.0,0.0,3.0,4.0,1.0,1.0,0.0,0.5,0.4,0.25,2025-12-11 13:00:00,2025-01-17 15:00:00,2025-12-25 11:00:00,2025-12-16 13:00:00,2025-11-11 08:00:00,22,350,8,17,52,0.5882352941176471,0.6382978723404256,0.375,0.7894736842105263,0.4,0.36585365853658536,0.058823529411764705,0.07894736842105264,0.0625,0.5769230769230769,0.5041301627033792,0.5203947368421052,0.3181707317073171,0.03343653250773994,0.6341346153846155,41.91,68,High Engagement,digital_ad,True
119,Pamela,Sanchez,oncology,medium_value,TERR_10,Chicago,IL,cancer_center,2.3,False,Mixed,10.0,6.0,6.0,0.0,2.0,2.0,4.0,0.0,0.0,1.0,0.2,0.6666666666666666,0.0,0.0,0.5,2025-12-30 17:00:00,2025-11-25 10:00:00,2025-12-26 13:00:00,,2025-09-11 14:00:00,3,38,7,,113,0.0,0.0,0.375,0.8108108108108107,0.2,0.2097902097902098,0.35294117647058826,0.4411764705882353,0.625,0.9090909090909091,0.0,0.27466216216216216,0.351958041958042,0.5274509803921569,0.4693181818181818,27.48,301,Medium Engagement,email,True
120,Brooke,Harvey,primary_care,high_value,TERR_47,El Paso,TX,private_practice,0.5,False,Digital-Heavy,4.0,10.0,9.0,6.0,2.0,0.0,2.0,2.0,5.0,0.0,0.0,0.2,0.2222222222222222,0.8333333333333334,0.0,2025-11-24 12:00:00,2025-12-09 16:00:00,2025-11-18 09:00:00,2025-12-22 14:00:00,2025-04-03 17:00:00,39,24,45,11,274,0.35294117647058826,0.7317073170731707,0.5625,0.4,0.2,0.09868421052631579,0.5882352941176471,0.5555555555555556,0.25,0.4347826086956522,0.6688904830224773,0.35986111111111113,0.07973684210526316,0.38758169934640524,0.16195652173913044,37.1,143,Medium Engagement,rep_visit,True
121,Robert,Silva,oncology,high_value,TERR_37,Philadelphia,PA,cancer_center,0.5,False,Digital-Heavy,7.0,6.0,8.0,2.0,3.0,1.0,2.0,2.0,0.0,1.0,0.14285714285714285,0.3333333333333333,0.25,0.0,0.3333333333333333,2025-12-01 15:00:00,2025-12-11 14:00:00,2025-12-26 09:00:00,2025-10-07 10:00:00,2025-08-26 10:00:00,32,22,7,87,129,0.11764705882352941,0.25641025641025644,0.5,0.8108108108108107,0.3,0.18867924528301888,0.35294117647058826,0.5769230769230769,0.4375,0.48387096774193555,0.08657616892911012,0.4371621621621622,0.2944025157232704,0.3879336349924585,0.29945276497695855,27.54,300,Medium Engagement,phone_call,True
122,Alexandra,Donovan,endocrinology,medium_value,TERR_45,Philadelphia,PA,clinic,4.4,False,Mixed,7.0,4.0,4.0,1.0,4.0,0.0,1.0,0.0,0.0,0.0,0.0,0.25,0.0,0.0,0.0,2025-12-11 16:00:00,2025-12-24 16:00:00,2025-09-30 16:00:00,2025-11-27 17:00:00,2025-05-08 08:00:00,22,9,94,36,239,0.058823529411764705,0.45454545454545453,0.25,0.24193548387096778,0.4,0.11152416356877323,0.23529411764705882,0.7692307692307692,0.4375,0.5769230769230769,0.10855614973262032,0.12338709677419356,0.14230483271375466,0.3494343891402715,0.2466346153846154,17.51,452,Low Engagement,email,True
123,James,Moran,dermatology,high_value,TERR_48,Houston,TX,hospital,3.3,False,Digital-Heavy,2.0,6.0,8.0,6.0,3.0,0.0,0.0,4.0,5.0,2.0,0.0,0.0,0.5,0.8333333333333334,0.6666666666666666,2025-04-10 15:00:00,2025-08-21 16:00:00,2025-12-24 11:00:00,2025-11-13 14:00:00,2025-05-23 17:00:00,267,134,9,50,224,0.35294117647058826,0.37499999999999994,0.5,0.7692307692307692,0.3,0.11811023622047244,0.35294117647058826,0.18292682926829268,0.125,0.10101010101010101,0.5975490196078431,0.5538461538461539,0.44695538057742784,0.142467718794835,0.0577020202020202,40.95,77,High Engagement,rep_visit,True
124,John,Foster,cardiology,medium_value,TERR_24,Dallas,TX,private_practice,0.5,False,In-Person-Heavy,2.0,0.0,7.0,0.0,2.0,0.0,0.0,4.0,0.0,0.0,0.0,0.0,0.5714285714285714,0.0,0.0,2025-03-18 10:00:00,,2025-12-04 14:00:00,,2025-10-13 16:00:00,290,,29,,81,0.0,0.0,0.4375,0.5084745762711864,0.2,0.27027027027027023,0.0,0.0,0.125,0.09375,0.0,0.5186592009685229,0.11405405405405405,0.0,0.05625,13.5,478,Low Engagement,phone_call,True
125,Emily,Evans,cardiology,high_value,TERR_04,Charlotte,NC,hospital,3.4,False,Mixed,1.0,3.0,11.0,13.0,5.0,0.0,0.0,2.0,9.0,0.0,0.0,0.0,0.18181818181818182,0.6923076923076923,0.0,2025-04-09 12:00:00,2025-11-07 17:00:00,2025-12-10 09:00:00,2025-12-22 09:00:00,2025-11-10 14:00:00,268,56,23,11,53,0.7647058823529411,0.7317073170731707,0.6875,0.5660377358490566,0.5,0.3614457831325301,0.17647058823529413,0.3488372093023256,0.0625,0.10067114093959731,0.7219070742743626,0.41036663807890217,0.222289156626506,0.12270861833105334,0.038884228187919465,36.73,153,Medium Engagement,rep_visit,True
126,Leslie,Walton,primary_care,high_value,TERR_02,Charlotte,NC,private_practice,1.1,False,In-Person-Heavy,2.0,9.0,7.0,3.0,5.0,0.0,1.0,2.0,0.0,3.0,0.0,0.1111111111111111,0.2857142857142857,0.0,0.6,2025-10-16 16:00:00,2025-10-22 16:00:00,2026-01-02 14:00:00,2025-09-02 12:00:00,2025-08-07 17:00:00,78,72,0,122,148,0.17647058823529413,0.19736842105263158,0.4375,1.0,0.5,0.16853932584269662,0.5294117647058824,0.29411764705882354,0.125,0.2777777777777778,0.09241486068111456,0.4741071428571429,0.48370786516853925,0.27320261437908494,0.09305555555555556,27.42,303,Medium Engagement,webinar,True
127,Charles,Ellis,cardiology,low_value,TERR_04,Denver,CO,hospital,1.8,False,In-Person-Heavy,6.0,6.0,2.0,0.0,1.0,0.0,4.0,1.0,0.0,0.0,0.0,0.6666666666666666,0.5,0.0,0.0,2025-11-07 11:00:00,2025-09-25 09:00:00,2025-12-10 10:00:00,,2025-04-21 13:00:00,56,99,23,,256,0.0,0.0,0.125,0.5660377358490566,0.1,0.1048951048951049,0.35294117647058826,0.23255813953488372,0.375,0.3488372093023256,0.0,0.4007075471698113,0.050979020979020975,0.4857273141814865,0.18226744186046512,19.05,433,Low Engagement,email,True
128,Yolanda,Ferrell,endocrinology,low_value,TERR_47,New York,NY,clinic,3.7,False,Digital-Heavy,3.0,13.0,3.0,1.0,8.0,0.0,1.0,1.0,0.0,6.0,0.0,0.07692307692307693,0.3333333333333333,0.0,0.75,2025-10-20 08:00:00,2025-12-17 09:00:00,2025-12-12 13:00:00,2025-10-02 17:00:00,2025-08-15 15:00:00,74,16,21,92,140,0.058823529411764705,0.24590163934426232,0.1875,0.5882352941176471,0.8,0.1764705882352941,0.7647058823529411,0.6521739130434783,0.1875,0.28846153846153844,0.06682738669238188,0.3405637254901961,0.6502941176470588,0.3983080857761164,0.11394230769230768,29.51,265,Medium Engagement,webinar,True
129,Charles,Lewis,oncology,high_value,TERR_13,Miami,FL,cancer_center,6.0,False,Digital-Heavy,0.0,3.0,9.0,13.0,2.0,0.0,2.0,3.0,7.0,0.0,0.0,0.6666666666666666,0.3333333333333333,0.5384615384615384,0.0,,2025-08-29 17:00:00,2025-12-25 15:00:00,2025-11-04 08:00:00,2025-12-09 09:00:00,,126,8,59,24,0.7647058823529411,0.33707865168539325,0.5625,0.7894736842105263,0.2,0.5555555555555556,0.17647058823529413,0.1923076923076923,0.0,0.0,0.5660582642737302,0.4933114035087719,0.1711111111111111,0.42473604826545996,0.0,36.64,155,Medium Engagement,rep_visit,True
130,Joseph,Mahoney,cardiology,medium_value,TERR_10,Phoenix,AZ,private_practice,2.8,False,Mixed,5.0,7.0,5.0,3.0,6.0,0.0,2.0,2.0,1.0,3.0,0.0,0.2857142857142857,0.4,0.3333333333333333,0.5,2026-01-01 15:00:00,2025-11-07 17:00:00,2025-12-11 14:00:00,2025-06-25 13:00:00,2025-12-22 17:00:00,1,56,22,191,11,0.17647058823529413,0.13574660633484165,0.3125,0.5769230769230769,0.6,0.7317073170731707,0.4117647058823529,0.3488372093023256,0.3125,0.9677419354838709,0.24675716440422324,0.4091346153846154,0.5763414634146341,0.33615399648231387,0.2872983870967742,36.46,161,Medium Engagement,webinar,True
131,Nicole,Suarez,oncology,low_value,TERR_37,Dallas,TX,private_practice,1.9,True,In-Person-Heavy,6.0,0.0,0.0,4.0,1.0,1.0,0.0,0.0,1.0,1.0,0.16666666666666666,0.0,0.0,0.25,1.0,2025-10-10 13:00:00,,,2025-10-20 17:00:00,2025-08-11 15:00:00,84,,,74,144,0.23529411764705882,0.28846153846153844,0.0,0.0,0.1,0.1724137931034483,0.0,0.0,0.375,0.2631578947368421,0.2532805429864253,0.0,0.5644827586206896,0.0,0.24846491228070172,22.62,392,Medium Engagement,Do Not Contact,False
132,Mike,Moore,primary_care,high_value,TERR_38,Sacramento,CA,private_practice,3.9,False,In-Person-Heavy,3.0,1.0,6.0,15.0,1.0,0.0,0.0,3.0,11.0,1.0,0.0,0.0,0.5,0.7333333333333333,1.0,2025-12-17 16:00:00,2025-07-09 10:00:00,2025-11-21 10:00:00,2025-11-10 10:00:00,2025-01-18 14:00:00,16,177,42,53,349,0.8823529411764706,0.3614457831325301,0.375,0.4166666666666667,0.1,0.079155672823219,0.058823529411764705,0.14492753623188406,0.1875,0.6521739130434783,0.7036617056461139,0.4458333333333333,0.5458311345646438,0.04663256606990623,0.18668478260869564,44.44,38,High Engagement,rep_visit,True
133,Martha,Warner,primary_care,low_value,TERR_11,Dallas,TX,clinic,1.7,True,Digital-Heavy,1.0,0.0,0.0,2.0,5.0,0.0,0.0,0.0,2.0,0.0,0.0,0.0,0.0,1.0,0.0,2025-04-07 16:00:00,,,2025-05-09 09:00:00,2025-10-29 11:00:00,270,,,238,65,0.11764705882352941,0.11194029850746269,0.0,0.0,0.5,0.31578947368421056,0.0,0.0,0.0625,0.1,0.5576821773485513,0.0,0.2131578947368421,0.0,0.03875000000000001,21.57,403,Medium Engagement,Do Not Contact,False
134,Cheryl,Archer,oncology,medium_value,TERR_40,El Paso,TX,hospital,4.2,False,Digital-Heavy,5.0,5.0,9.0,5.0,3.0,0.0,1.0,6.0,3.0,2.0,0.0,0.2,0.6666666666666666,0.6,0.6666666666666666,2026-01-02 14:00:00,2025-12-23 09:00:00,2025-10-20 17:00:00,2025-11-26 08:00:00,2025-11-20 13:00:00,0,10,74,37,43,0.29411764705882354,0.44776119402985076,0.5625,0.28846153846153844,0.3,0.410958904109589,0.29411764705882354,0.75,0.3125,1.0,0.4777875329236172,0.559775641025641,0.5055251141552511,0.3382352941176471,0.29375,45.12,28,High Engagement,phone_call,True
135,Destiny,Smith,endocrinology,high_value,TERR_30,Sacramento,CA,hospital,3.3,False,Mixed,4.0,4.0,4.0,2.0,6.0,0.0,0.0,1.0,0.0,0.0,0.0,0.0,0.25,0.0,0.0,2025-12-05 11:00:00,2025-12-25 11:00:00,2025-08-28 13:00:00,2025-12-19 17:00:00,2026-01-01 14:00:00,28,8,127,14,1,0.11764705882352941,0.6818181818181818,0.25,0.19108280254777069,0.6,0.9677419354838709,0.23529411764705882,0.7894736842105263,0.25,0.5172413793103449,0.17165775401069516,0.23821656050955414,0.3735483870967742,0.22848297213622293,0.17844827586206896,23.49,377,Medium Engagement,webinar,True
136,Lisa,Evans,dermatology,high_value,TERR_14,Portland,OR,private_practice,3.7,False,Digital-Heavy,6.0,5.0,10.0,4.0,1.0,1.0,0.0,6.0,2.0,1.0,0.16666666666666666,0.0,0.6,0.5,1.0,2025-09-04 12:00:00,2025-09-12 11:00:00,2025-12-03 16:00:00,2025-12-09 17:00:00,2025-02-20 11:00:00,120,112,30,24,316,0.23529411764705882,0.5555555555555556,0.625,0.5,0.1,0.08670520231213873,0.29411764705882354,0.2112676056338028,0.375,0.2,0.4316993464052287,0.5875,0.5473410404624278,0.13048881524440764,0.2358333333333333,41.14,74,High Engagement,phone_call,True
137,Elizabeth,Mcmillan,endocrinology,low_value,TERR_40,Columbus,OH,private_practice,2.0,False,In-Person-Heavy,1.0,3.0,4.0,2.0,1.0,0.0,1.0,0.0,0.0,0.0,0.0,0.3333333333333333,0.0,0.0,0.0,2025-08-12 11:00:00,2025-09-26 15:00:00,2025-12-23 10:00:00,2025-10-14 12:00:00,2025-02-21 13:00:00,143,98,10,80,315,0.11764705882352941,0.27272727272727276,0.25,0.75,0.1,0.08695652173913043,0.17647058823529413,0.234375,0.0625,0.17341040462427745,0.08983957219251337,0.22500000000000003,0.04739130434782608,0.2664828431372549,0.05343208092485549,12.94,484,Low Engagement,email,True
138,Dennis,Wilson,cardiology,medium_value,TERR_15,Tucson,AZ,hospital,5.7,False,Digital-Heavy,6.0,8.0,5.0,2.0,4.0,1.0,2.0,2.0,0.0,1.0,0.16666666666666666,0.25,0.4,0.0,0.25,2025-12-31 09:00:00,2025-10-01 17:00:00,2025-10-15 12:00:00,2025-07-10 12:00:00,2025-11-11 17:00:00,2,93,79,176,52,0.11764705882352941,0.14563106796116507,0.3125,0.27522935779816515,0.4,0.36585365853658536,0.47058823529411764,0.24390243902439027,0.375,0.9375,0.06442033123929183,0.34879587155963304,0.3181707317073171,0.31495695839311333,0.3833333333333333,25.75,340,Medium Engagement,digital_ad,True
139,Daniel,Tran,primary_care,high_value,TERR_40,Colorado Springs,CO,private_practice,1.7,False,In-Person-Heavy,5.0,7.0,6.0,4.0,3.0,0.0,0.0,3.0,3.0,0.0,0.0,0.0,0.5,0.75,0.0,2025-10-15 15:00:00,2025-11-03 12:00:00,2025-11-28 16:00:00,2025-07-15 16:00:00,2025-10-27 17:00:00,79,60,35,171,67,0.23529411764705882,0.14925373134328357,0.375,0.46153846153846145,0.3,0.30927835051546393,0.4117647058823529,0.3333333333333333,0.3125,0.27522935779816515,0.4754389815627743,0.4548076923076923,0.15185567010309278,0.19019607843137254,0.14879587155963303,31.48,238,Medium Engagement,rep_visit,True
140,Joseph,Jacobs,cardiology,low_value,TERR_08,Omaha,NE,private_practice,2.9,True,Mixed,5.0,0.0,0.0,1.0,4.0,0.0,0.0,0.0,0.0,4.0,0.0,0.0,0.0,0.0,1.0,2025-11-20 12:00:00,,,2025-11-12 13:00:00,2025-10-15 13:00:00,43,,,51,79,0.058823529411764705,0.37037037037037035,0.0,0.0,0.4,0.27522935779816515,0.0,0.0,0.3125,0.410958904109589,0.09172113289760347,0.0,0.675045871559633,0.0,0.1759417808219178,18.89,434,Low Engagement,Do Not Contact,False
141,Jennifer,Harris,endocrinology,medium_value,TERR_36,Louisville,KY,clinic,4.2,False,In-Person-Heavy,5.0,6.0,1.0,0.0,1.0,0.0,1.0,0.0,0.0,0.0,0.0,0.16666666666666666,0.0,0.0,0.0,2025-06-13 15:00:00,2025-12-05 12:00:00,2025-06-16 16:00:00,,2025-09-25 10:00:00,203,28,200,,99,0.0,0.0,0.0625,0.13043478260869565,0.1,0.23255813953488372,0.35294117647058826,0.5172413793103449,0.3125,0.12875536480686695,0.0,0.044836956521739135,0.07651162790697674,0.29266396213657875,0.11950107296137338,8.61,496,Low Engagement,email,True
142,Cynthia,Baker,primary_care,high_value,TERR_33,Houston,TX,private_practice,2.9,False,Digital-Heavy,1.0,5.0,7.0,14.0,6.0,0.0,2.0,2.0,9.0,0.0,0.0,0.4,0.2857142857142857,0.6428571428571429,0.0,2025-11-27 16:00:00,2025-08-29 10:00:00,2025-12-17 13:00:00,2025-12-12 08:00:00,2025-09-02 10:00:00,36,126,16,21,122,0.8235294117647058,0.5882352941176471,0.4375,0.6521739130434783,0.6,0.19736842105263158,0.29411764705882354,0.1923076923076923,0.0625,0.45454545454545453,0.6861344537815126,0.40454192546583856,0.21947368421052632,0.3266968325791856,0.10965909090909091,39.61,102,Medium Engagement,rep_visit,True
143,Tracy,Whitehead,oncology,low_value,TERR_31,Wichita,KS,cancer_center,2.0,False,In-Person-Heavy,4.0,4.0,4.0,0.0,4.0,1.0,2.0,2.0,0.0,1.0,0.25,0.5,0.5,0.0,0.25,2025-06-17 11:00:00,2025-07-22 17:00:00,2025-11-20 10:00:00,,2025-10-20 10:00:00,199,164,43,,74,0.0,0.0,0.25,0.410958904109589,0.4,0.28846153846153844,0.23529411764705882,0.15463917525773196,0.25,0.13100436681222707,0.0,0.4071917808219178,0.3026923076923077,0.351516070345664,0.22620087336244543,22.86,385,Medium Engagement,phone_call,True
144,Meghan,Davis,endocrinology,medium_value,TERR_15,Louisville,KY,private_practice,2.0,False,Mixed,2.0,10.0,3.0,3.0,3.0,0.0,1.0,0.0,3.0,1.0,0.0,0.1,0.0,1.0,0.3333333333333333,2025-05-23 12:00:00,2025-12-31 17:00:00,2025-11-24 13:00:00,2025-12-17 13:00:00,2025-10-27 12:00:00,224,2,39,16,67,0.17647058823529413,0.6521739130434783,0.1875,0.4347826086956522,0.3,0.30927835051546393,0.5882352941176471,0.9375,0.125,0.11811023622047244,0.683375959079284,0.14320652173913045,0.31852233676975944,0.41397058823529415,0.061122047244094486,36.86,148,Medium Engagement,rep_visit,True
145,Rodney,Hill,dermatology,medium_value,TERR_26,Miami,FL,private_practice,4.8,False,In-Person-Heavy,3.0,0.0,8.0,14.0,3.0,1.0,0.0,4.0,8.0,3.0,0.3333333333333333,0.0,0.5,0.5714285714285714,1.0,2025-12-12 09:00:00,,2025-12-17 11:00:00,2026-01-01 17:00:00,2025-11-07 08:00:00,21,,16,1,56,0.8235294117647058,0.9677419354838709,0.5,0.6521739130434783,0.3,0.3488372093023256,0.0,0.0,0.1875,0.5882352941176471,0.7263214963404716,0.5304347826086957,0.6597674418604651,0.0,0.3405637254901961,50.7,4,High Engagement,rep_visit,True
146,Adam,Wise,cardiology,high_value,TERR_10,Virginia Beach,VA,private_practice,8.5,False,Mixed,2.0,2.0,9.0,7.0,5.0,0.0,2.0,3.0,5.0,2.0,0.0,1.0,0.3333333333333333,0.7142857142857143,0.4,2025-11-19 09:00:00,2025-09-11 10:00:00,2025-12-17 10:00:00,2025-11-05 11:00:00,2025-12-12 11:00:00,44,113,16,58,21,0.4117647058823529,0.3409090909090909,0.5625,0.6521739130434783,0.5,0.5882352941176471,0.11764705882352941,0.2097902097902098,0.125,0.4054054054054054,0.5488540870893812,0.46585144927536226,0.4676470588235294,0.5772521596051008,0.11858108108108109,45.57,26,High Engagement,email,True
147,Dana,Green,oncology,medium_value,TERR_25,Tucson,AZ,private_practice,4.9,False,In-Person-Heavy,4.0,2.0,4.0,0.0,2.0,2.0,0.0,1.0,0.0,0.0,0.5,0.0,0.25,0.0,0.0,2025-11-18 08:00:00,2025-05-15 15:00:00,2025-12-30 08:00:00,,2025-11-28 12:00:00,45,232,3,,35,0.0,0.0,0.25,0.9090909090909091,0.2,0.46153846153846145,0.11764705882352941,0.11450381679389311,0.25,0.4,0.0,0.38181818181818183,0.1523076923076923,0.058194881005837445,0.405,17.63,449,Low Engagement,digital_ad,True
148,Joyce,Arnold,endocrinology,medium_value,TERR_48,Houston,TX,clinic,9.8,False,Mixed,0.0,4.0,2.0,3.0,1.0,0.0,2.0,0.0,3.0,0.0,0.0,0.5,0.0,1.0,0.0,,2025-12-10 17:00:00,2025-09-23 12:00:00,2025-12-30 16:00:00,2025-04-07 12:00:00,,23,101,3,270,0.17647058823529413,0.9090909090909091,0.125,0.22900763358778622,0.1,0.1,0.23529411764705882,0.5660377358490566,0.0,0.0,0.7347593582887701,0.08330152671755725,0.05,0.4337957824639289,0.0,31.22,243,Medium Engagement,rep_visit,True
149,Ronald,Smith,dermatology,medium_value,TERR_09,Louisville,KY,hospital,1.4,False,In-Person-Heavy,2.0,2.0,9.0,9.0,5.0,0.0,0.0,2.0,7.0,3.0,0.0,0.0,0.2222222222222222,0.7777777777777778,0.6,2025-07-01 13:00:00,2025-07-28 15:00:00,2025-11-06 12:00:00,2025-10-28 11:00:00,2025-12-30 15:00:00,185,158,57,66,3,0.5294117647058824,0.3125,0.5625,0.3448275862068966,0.5,0.9090909090909091,0.11764705882352941,0.1595744680851064,0.125,0.13953488372093023,0.6102124183006536,0.34882662835249045,0.6318181818181818,0.0672090112640801,0.06540697674418605,39.91,95,Medium Engagement,webinar,True
150,Charles,Ware,primary_care,medium_value,TERR_46,Mesa,AZ,hospital,1.1,False,Digital-Heavy,0.0,2.0,7.0,10.0,4.0,0.0,0.0,3.0,7.0,1.0,0.0,0.0,0.42857142857142855,0.7,0.25,,2025-11-13 08:00:00,2025-12-02 10:00:00,2025-12-23 11:00:00,2025-10-17 15:00:00,,50,31,10,77,0.5882352941176471,0.75,0.4375,0.49180327868852464,0.4,0.2803738317757009,0.11764705882352941,0.37499999999999994,0.0,0.0,0.6764705882352942,0.4438963700234192,0.3010747663551402,0.11029411764705882,0.0,36.85,149,Medium Engagement,rep_visit,True
151,Rebecca,Gardner,dermatology,medium_value,TERR_40,Charlotte,NC,private_practice,3.6,False,Digital-Heavy,10.0,7.0,2.0,0.0,2.0,0.0,0.0,1.0,0.0,0.0,0.0,0.0,0.5,0.0,0.0,2025-12-23 17:00:00,2025-10-08 13:00:00,2025-06-19 17:00:00,,2025-09-03 11:00:00,10,86,197,,121,0.0,0.0,0.125,0.13215859030837004,0.2,0.19867549668874174,0.4117647058823529,0.25862068965517243,0.625,0.75,0.0,0.31393171806167397,0.09973509933774835,0.17525354969574036,0.3375,15.96,463,Low Engagement,digital_ad,True
152,Mary,Aguilar,dermatology,high_value,TERR_10,Portland,OR,private_practice,2.0,False,Digital-Heavy,2.0,4.0,11.0,8.0,7.0,0.0,0.0,4.0,6.0,3.0,0.0,0.0,0.36363636363636365,0.75,0.42857142857142855,2025-12-22 16:00:00,2025-10-02 09:00:00,2025-11-26 14:00:00,2025-12-11 17:00:00,2025-10-27 14:00:00,11,92,37,22,67,0.47058823529411764,0.5769230769230769,0.6875,0.44776119402985076,0.7,0.30927835051546393,0.23529411764705882,0.24590163934426232,0.125,0.7317073170731707,0.6315610859728507,0.477620420624152,0.48614138438880705,0.1197685631629701,0.18384146341463414,42.78,56,High Engagement,rep_visit,True
153,Earl,Anderson,primary_care,high_value,TERR_27,Indianapolis,IN,private_practice,0.5,False,Mixed,2.0,0.0,13.0,10.0,1.0,0.0,0.0,1.0,8.0,0.0,0.0,0.0,0.07692307692307693,0.8,0.0,2025-10-20 12:00:00,,2025-12-16 17:00:00,2025-12-31 15:00:00,2025-05-27 10:00:00,74,,17,2,220,0.5882352941176471,0.9375,0.8125,0.6382978723404256,0.1,0.12000000000000002,0.0,0.0,0.125,0.28846153846153844,0.7639705882352942,0.4098711129296236,0.054000000000000006,0.0,0.09519230769230769,33.62,201,Medium Engagement,rep_visit,True
154,Kyle,Nolan,cardiology,high_value,TERR_24,Oklahoma City,OK,private_practice,0.5,False,Mixed,2.0,7.0,5.0,6.0,6.0,1.0,2.0,1.0,4.0,2.0,0.5,0.2857142857142857,0.2,0.6666666666666666,0.3333333333333333,2025-07-14 08:00:00,2025-12-08 12:00:00,2025-11-03 09:00:00,2025-11-26 13:00:00,2025-12-31 13:00:00,172,25,60,37,2,0.35294117647058826,0.44776119402985076,0.3125,0.3333333333333333,0.6,0.9375,0.4117647058823529,0.5454545454545454,0.125,0.1485148514851485,0.52876792508048,0.2604166666666667,0.5341666666666667,0.3754774637127578,0.3172029702970297,42.14,65,High Engagement,webinar,True
155,Laura,Valencia,endocrinology,low_value,TERR_22,Portland,OR,private_practice,2.1,False,In-Person-Heavy,1.0,4.0,5.0,1.0,3.0,0.0,2.0,0.0,0.0,0.0,0.0,0.5,0.0,0.0,0.0,2025-10-07 16:00:00,2025-12-15 08:00:00,2025-10-13 08:00:00,2025-02-18 14:00:00,2025-09-09 14:00:00,87,18,81,318,115,0.058823529411764705,0.08620689655172414,0.3125,0.27027027027027023,0.3,0.2068965517241379,0.23529411764705882,0.625,0.0625,0.25641025641025644,0.03488843813387424,0.14780405405405406,0.13137931034482758,0.4455882352941176,0.0700320512820513,14.36,475,Low Engagement,email,True
156,Rachel,Clark,endocrinology,low_value,TERR_17,Washington,DC,private_practice,0.5,False,Digital-Heavy,3.0,2.0,10.0,8.0,3.0,0.0,0.0,4.0,1.0,0.0,0.0,0.0,0.4,0.125,0.0,2025-05-12 09:00:00,2025-06-19 13:00:00,2025-12-18 15:00:00,2025-12-26 16:00:00,2025-12-12 11:00:00,235,197,15,7,21,0.47058823529411764,0.8108108108108107,0.625,0.6666666666666666,0.3,0.5882352941176471,0.11764705882352941,0.13215859030837004,0.1875,0.11320754716981134,0.36583863275039746,0.5208333333333334,0.2076470588235294,0.06172583570873283,0.07889150943396227,27.65,299,Medium Engagement,phone_call,True
157,John,Garcia,primary_care,low_value,TERR_13,Baltimore,MD,private_practice,6.7,False,Digital-Heavy,5.0,9.0,4.0,3.0,1.0,1.0,1.0,1.0,2.0,1.0,0.2,0.1111111111111111,0.25,0.6666666666666666,1.0,2025-09-24 17:00:00,2025-10-27 16:00:00,2025-12-18 17:00:00,2025-06-24 17:00:00,2025-05-27 17:00:00,100,67,15,192,220,0.17647058823529413,0.13513513513513511,0.25,0.6666666666666666,0.1,0.12000000000000002,0.5294117647058824,0.30927835051546393,0.3125,0.23076923076923073,0.41330153683094856,0.33333333333333337,0.554,0.27623475507041306,0.23990384615384616,37.89,128,Medium Engagement,webinar,True
158,Kimberly,Henson,cardiology,medium_value,TERR_32,Baltimore,MD,private_practice,1.2,False,Mixed,8.0,9.0,1.0,1.0,5.0,1.0,1.0,0.0,1.0,1.0,0.125,0.1111111111111111,0.0,1.0,0.2,2025-12-25 08:00:00,2025-12-10 12:00:00,2025-07-21 16:00:00,2025-05-20 15:00:00,2025-12-31 12:00:00,8,23,165,227,2,0.058823529411764705,0.11673151750972763,0.0625,0.15384615384615385,0.5,0.9375,0.5294117647058824,0.5660377358490566,0.5,0.7894736842105263,0.540993362325475,0.049519230769230774,0.4375,0.3275866321371316,0.3703947368421053,36.44,162,Medium Engagement,rep_visit,True
159,Richard,Oliver,dermatology,low_value,TERR_01,Columbus,OH,clinic,3.3,False,In-Person-Heavy,0.0,4.0,3.0,4.0,2.0,0.0,0.0,0.0,3.0,1.0,0.0,0.0,0.0,0.75,0.5,,2025-10-17 15:00:00,2025-11-25 12:00:00,2025-12-11 08:00:00,2025-12-15 08:00:00,,77,38,22,18,0.23529411764705882,0.5769230769230769,0.1875,0.4411764705882353,0.2,0.625,0.23529411764705882,0.2803738317757009,0.0,0.0,0.560972850678733,0.14448529411764705,0.435,0.12666300164925784,0.0,30.32,253,Medium Engagement,rep_visit,True
160,Eric,Spears,cardiology,high_value,TERR_28,Arlington,TX,private_practice,4.5,False,Digital-Heavy,9.0,14.0,3.0,1.0,3.0,4.0,2.0,2.0,0.0,1.0,0.4444444444444444,0.14285714285714285,0.6666666666666666,0.0,0.3333333333333333,2025-11-27 17:00:00,2025-10-10 12:00:00,2025-10-17 13:00:00,2025-04-09 10:00:00,2025-08-28 16:00:00,36,84,77,268,127,0.058823529411764705,0.10067114093959731,0.1875,0.2803738317757009,0.3,0.19108280254777069,0.8235294117647058,0.2631578947368421,0.5625,0.45454545454545453,0.03778128701144887,0.4456580996884735,0.2948832271762208,0.3711189739053516,0.4818813131313131,28.74,274,Medium Engagement,digital_ad,True
161,Michelle,Cherry,oncology,low_value,TERR_39,Chicago,IL,hospital,1.0,False,In-Person-Heavy,2.0,4.0,4.0,4.0,2.0,0.0,2.0,1.0,3.0,0.0,0.0,0.5,0.25,0.75,0.0,2025-10-22 16:00:00,2025-11-17 10:00:00,2025-12-29 10:00:00,2025-12-19 16:00:00,2025-06-24 08:00:00,72,46,4,14,192,0.23529411764705882,0.6818181818181818,0.25,0.8823529411764706,0.2,0.13513513513513511,0.23529411764705882,0.39473684210526316,0.125,0.29411764705882354,0.581951871657754,0.3764705882352941,0.08702702702702703,0.3995356037151703,0.09632352941176471,34.17,194,Medium Engagement,rep_visit,True
162,Lisa,Keith,oncology,medium_value,TERR_33,Nashville,TN,hospital,1.7,False,Digital-Heavy,3.0,9.0,7.0,6.0,5.0,0.0,0.0,2.0,4.0,0.0,0.0,0.0,0.2857142857142857,0.6666666666666666,0.0,2025-10-08 13:00:00,2025-12-11 12:00:00,2025-10-30 08:00:00,2025-11-28 16:00:00,2025-09-30 12:00:00,86,22,64,35,94,0.35294117647058826,0.46153846153846145,0.4375,0.3191489361702128,0.5,0.24193548387096778,0.5294117647058824,0.5769230769230769,0.1875,0.25862068965517243,0.5315233785822021,0.3379369300911854,0.19838709677419356,0.27420814479638006,0.10797413793103448,32.4,227,Medium Engagement,rep_visit,True
163,Angel,Doyle,endocrinology,high_value,TERR_03,Detroit,MI,hospital,2.2,False,Digital-Heavy,7.0,9.0,2.0,3.0,4.0,2.0,2.0,2.0,3.0,2.0,0.2857142857142857,0.2222222222222222,1.0,1.0,0.5,2025-12-31 08:00:00,2025-12-25 14:00:00,2025-09-08 12:00:00,2025-12-12 11:00:00,2025-11-21 14:00:00,2,8,116,21,42,0.17647058823529413,0.5882352941176471,0.125,0.2054794520547945,0.4,0.4166666666666667,0.5294117647058824,0.7894736842105263,0.4375,0.9375,0.6705882352941177,0.5785958904109589,0.45333333333333337,0.42782937736498106,0.4616071428571429,54.1,2,High Engagement,rep_visit,True
164,Martin,Galvan,cardiology,low_value,TERR_47,Mesa,AZ,hospital,0.5,True,In-Person-Heavy,0.0,0.0,0.0,3.0,2.0,0.0,0.0,0.0,2.0,0.0,0.0,0.0,0.0,0.6666666666666666,0.0,,,,2025-12-09 15:00:00,2025-09-25 17:00:00,,,,24,99,0.17647058823529413,0.5555555555555556,0.0,0.0,0.2,0.23255813953488372,0.0,0.0,0.0,0.0,0.49738562091503263,0.0,0.10651162790697674,0.0,0.0,17.05,455,Low Engagement,Do Not Contact,False
165,Leah,Shields,cardiology,medium_value,TERR_24,Columbus,OH,clinic,4.1,False,Digital-Heavy,1.0,2.0,6.0,7.0,5.0,0.0,0.0,1.0,3.0,2.0,0.0,0.0,0.16666666666666666,0.42857142857142855,0.4,2025-01-23 11:00:00,2025-07-09 11:00:00,2025-12-18 08:00:00,2025-11-03 08:00:00,2025-09-11 09:00:00,344,177,15,60,113,0.4117647058823529,0.3333333333333333,0.375,0.6666666666666666,0.5,0.2097902097902098,0.11764705882352941,0.14492753623188406,0.0625,0.08021390374331551,0.4044817927170868,0.3291666666666666,0.39195804195804196,0.06427962489343564,0.0347927807486631,28.04,292,Medium Engagement,rep_visit,True
166,Lisa,Adams,cardiology,high_value,TERR_21,Columbus,OH,clinic,1.7,False,Mixed,8.0,15.0,3.0,1.0,3.0,0.0,6.0,0.0,0.0,0.0,0.0,0.4,0.0,0.0,0.0,2025-11-20 11:00:00,2025-12-31 12:00:00,2025-07-28 17:00:00,2025-10-02 15:00:00,2025-12-22 08:00:00,43,2,158,92,11,0.058823529411764705,0.24590163934426232,0.1875,0.1595744680851064,0.3,0.7317073170731707,0.8823529411764706,0.9375,0.5,0.410958904109589,0.06682738669238188,0.08816489361702128,0.23634146341463413,0.6522058823529412,0.2321917808219178,21.76,401,Medium Engagement,email,True
167,Kristin,Rodriguez,oncology,high_value,TERR_18,Los Angeles,CA,hospital,5.2,False,Digital-Heavy,2.0,7.0,6.0,7.0,5.0,0.0,1.0,3.0,6.0,4.0,0.0,0.14285714285714285,0.5,0.8571428571428571,0.8,2025-08-27 15:00:00,2025-10-02 11:00:00,2025-12-24 12:00:00,2025-10-20 08:00:00,2025-12-12 15:00:00,128,92,9,74,21,0.4117647058823529,0.28846153846153844,0.375,0.7692307692307692,0.5,0.5882352941176471,0.4117647058823529,0.24590163934426232,0.125,0.189873417721519,0.6097931480284421,0.5163461538461538,0.6676470588235295,0.24413831106212974,0.07547468354430381,46.77,14,High Engagement,webinar,True
168,Monica,Garrison,primary_care,medium_value,TERR_42,Los Angeles,CA,clinic,0.9,False,Digital-Heavy,0.0,2.0,6.0,10.0,2.0,0.0,0.0,1.0,5.0,1.0,0.0,0.0,0.16666666666666666,0.5,0.5,,2025-07-23 15:00:00,2025-11-13 15:00:00,2025-12-18 12:00:00,2025-12-31 10:00:00,,163,50,15,2,0.5882352941176471,0.6666666666666666,0.375,0.37499999999999994,0.2,0.9375,0.11764705882352941,0.15544041450777202,0.0,0.0,0.5598039215686275,0.2708333333333333,0.4975,0.06638220054861323,0.0,33.16,209,Medium Engagement,rep_visit,True
169,Jeffrey,Velasquez,cardiology,low_value,TERR_30,Dallas,TX,hospital,0.9,False,Digital-Heavy,0.0,1.0,5.0,6.0,2.0,0.0,0.0,0.0,1.0,0.0,0.0,0.0,0.0,0.16666666666666666,0.0,,2025-09-04 16:00:00,2025-06-24 08:00:00,2025-11-25 11:00:00,2025-09-12 13:00:00,,120,192,38,112,0.35294117647058826,0.4411764705882353,0.3125,0.13513513513513511,0.2,0.2112676056338028,0.058823529411764705,0.2,0.0,0.0,0.2774509803921569,0.12077702702702703,0.10225352112676056,0.05764705882352942,0.0,13.65,477,Low Engagement,rep_visit,True
170,Steven,Torres,oncology,low_value,TERR_22,Oakland,CA,private_practice,5.4,False,Mixed,0.0,4.0,5.0,3.0,4.0,0.0,1.0,1.0,3.0,0.0,0.0,0.25,0.2,1.0,0.0,,2025-12-30 12:00:00,2025-12-17 11:00:00,2025-12-10 14:00:00,2025-08-14 12:00:00,,3,16,23,141,0.17647058823529413,0.5660377358490566,0.3125,0.6521739130434783,0.4,0.17543859649122806,0.23529411764705882,0.9090909090909091,0.0,0.0,0.6661487236403996,0.32418478260869565,0.1550877192982456,0.3774064171122995,0.0,35.23,178,Medium Engagement,rep_visit,True
171,Laura,Perez,primary_care,high_value,TERR_17,Cleveland,OH,clinic,3.0,False,In-Person-Heavy,2.0,6.0,7.0,2.0,2.0,0.0,1.0,2.0,0.0,1.0,0.0,0.16666666666666666,0.2857142857142857,0.0,0.5,2025-11-26 13:00:00,2025-12-11 17:00:00,2025-08-07 10:00:00,2025-12-15 13:00:00,2025-01-28 11:00:00,37,22,148,18,339,0.11764705882352941,0.625,0.4375,0.16853932584269662,0.2,0.08130081300813008,0.35294117647058826,0.5769230769230769,0.125,0.44776119402985076,0.1602941176470588,0.3078150080256822,0.326260162601626,0.30460030165912516,0.12705223880597016,23.97,370,Medium Engagement,webinar,True
172,Andrew,Lee,cardiology,high_value,TERR_02,Minneapolis,MN,hospital,1.3,False,In-Person-Heavy,1.0,2.0,7.0,10.0,6.0,1.0,0.0,0.0,6.0,4.0,1.0,0.0,0.0,0.6,0.6666666666666666,2025-03-27 17:00:00,2025-12-16 11:00:00,2025-11-25 13:00:00,2026-01-02 10:00:00,2025-08-18 16:00:00,281,17,38,0,137,0.5882352941176471,1.0,0.4375,0.4411764705882353,0.6,0.17964071856287425,0.11764705882352941,0.6382978723404256,0.0625,0.09646302250803858,0.6764705882352942,0.21948529411764706,0.5492614770459081,0.16295369211514393,0.5380426045016078,46.18,19,High Engagement,rep_visit,True
173,Mark,Lin,primary_care,medium_value,TERR_23,Mesa,AZ,private_practice,1.9,False,Digital-Heavy,1.0,5.0,6.0,7.0,7.0,0.0,0.0,1.0,2.0,0.0,0.0,0.0,0.16666666666666666,0.2857142857142857,0.0,2025-02-13 16:00:00,2026-01-01 12:00:00,2025-09-03 11:00:00,2025-12-16 14:00:00,2025-11-04 14:00:00,323,1,121,17,59,0.4117647058823529,0.6382978723404256,0.375,0.19867549668874174,0.7,0.33707865168539325,0.29411764705882354,0.9677419354838709,0.0625,0.08498583569405098,0.39404612908993386,0.23556843267108166,0.27741573033707867,0.28178368121442127,0.035747167138810196,26.84,315,Medium Engagement,rep_visit,True
174,Tammy,Ramirez,cardiology,medium_value,TERR_42,Kansas City,MO,clinic,3.0,False,Digital-Heavy,3.0,1.0,8.0,12.0,4.0,1.0,1.0,4.0,2.0,2.0,0.3333333333333333,1.0,0.5,0.16666666666666666,0.5,2025-09-24 12:00:00,2025-03-14 17:00:00,2025-12-04 08:00:00,2025-12-29 11:00:00,2025-10-02 10:00:00,100,294,29,4,92,0.7058823529411765,0.8823529411764706,0.5,0.5084745762711864,0.4,0.24590163934426232,0.058823529411764705,0.09259259259259259,0.1875,0.23076923076923073,0.4715686274509804,0.5016949152542374,0.41918032786885245,0.536165577342048,0.2690705128205128,44.64,35,High Engagement,email,True
175,Darlene,Ross,primary_care,medium_value,TERR_23,Omaha,NE,private_practice,4.3,False,In-Person-Heavy,2.0,5.0,9.0,4.0,6.0,0.0,1.0,4.0,3.0,2.0,0.0,0.2,0.4444444444444444,0.75,0.3333333333333333,2025-07-15 08:00:00,2025-12-29 14:00:00,2025-12-22 14:00:00,2025-08-25 17:00:00,2025-10-07 13:00:00,171,4,11,130,87,0.23529411764705882,0.1875,0.5625,0.7317073170731707,0.6,0.25641025641025644,0.29411764705882354,0.8823529411764706,0.125,0.14925373134328357,0.4830882352941176,0.5373136856368563,0.397948717948718,0.3647058823529412,0.06735074626865671,39.68,100,Medium Engagement,phone_call,True
176,Tina,Herrera,dermatology,high_value,TERR_27,Virginia Beach,VA,private_practice,3.5,False,Mixed,4.0,4.0,6.0,10.0,2.0,0.0,2.0,3.0,10.0,0.0,0.0,0.5,0.5,1.0,0.0,2025-09-18 09:00:00,2025-12-15 16:00:00,2025-12-02 17:00:00,2025-12-25 09:00:00,2025-08-15 17:00:00,106,18,31,8,140,0.5882352941176471,0.7894736842105263,0.375,0.49180327868852464,0.2,0.1764705882352941,0.23529411764705882,0.625,0.25,0.22058823529411764,0.8343653250773995,0.4608606557377049,0.09529411764705882,0.4455882352941176,0.11911764705882352,44.62,36,High Engagement,rep_visit,True
177,Sheila,Wilson,oncology,low_value,TERR_46,Los Angeles,CA,cancer_center,0.5,True,Mixed,2.0,0.0,0.0,3.0,1.0,0.0,0.0,0.0,1.0,0.0,0.0,0.0,0.0,0.3333333333333333,0.0,2025-12-05 10:00:00,,,2025-12-08 09:00:00,2026-01-01 12:00:00,28,,,25,1,0.17647058823529413,0.5454545454545454,0.0,0.0,0.1,0.9677419354838709,0.0,0.0,0.125,0.5172413793103449,0.32869875222816397,0.0,0.2235483870967742,0.0,0.14094827586206898,16.45,460,Low Engagement,Do Not Contact,False
178,Tara,White,endocrinology,high_value,TERR_36,Portland,OR,hospital,1.9,False,Digital-Heavy,5.0,5.0,7.0,2.0,3.0,0.0,0.0,0.0,2.0,1.0,0.0,0.0,0.0,1.0,0.3333333333333333,2025-09-18 15:00:00,2025-12-23 15:00:00,2025-12-15 12:00:00,2025-04-23 12:00:00,2025-12-29 09:00:00,106,10,18,254,4,0.11764705882352941,0.1056338028169014,0.4375,0.625,0.3,0.8823529411764706,0.29411764705882354,0.75,0.3125,0.22058823529411764,0.5564208782104391,0.25625,0.43313725490196076,0.2382352941176471,0.13786764705882354,36.12,167,Medium Engagement,rep_visit,True
179,Sydney,Baker,dermatology,low_value,TERR_39,Virginia Beach,VA,private_practice,4.8,False,In-Person-Heavy,5.0,8.0,3.0,4.0,3.0,1.0,2.0,0.0,0.0,2.0,0.2,0.25,0.0,0.0,0.6666666666666666,2025-12-22 14:00:00,2025-10-09 13:00:00,2025-08-11 09:00:00,2025-12-12 10:00:00,2025-12-15 13:00:00,11,85,144,21,18,0.23529411764705882,0.5882352941176471,0.1875,0.1724137931034483,0.3,0.625,0.47058823529411764,0.2608695652173913,0.3125,0.7317073170731707,0.18823529411764706,0.09073275862068966,0.5483333333333333,0.31835038363171353,0.34009146341463414,28.31,285,Medium Engagement,webinar,True
180,Daniel,Hamilton,cardiology,high_value,TERR_24,El Paso,TX,clinic,1.5,False,Mixed,2.0,3.0,11.0,14.0,3.0,0.0,0.0,5.0,11.0,0.0,0.0,0.0,0.45454545454545453,0.7857142857142857,0.0,2025-10-23 13:00:00,2025-08-01 14:00:00,2025-12-30 14:00:00,2025-12-04 10:00:00,2025-11-05 11:00:00,71,154,3,29,58,0.8235294117647058,0.5084745762711864,0.6875,0.9090909090909091,0.3,0.3409090909090909,0.17647058823529413,0.16304347826086957,0.125,0.297029702970297,0.7416108816407918,0.615340909090909,0.15818181818181817,0.08554987212276215,0.09690594059405941,40.46,87,High Engagement,rep_visit,True
181,Jessica,Edwards,dermatology,high_value,TERR_43,Indianapolis,IN,private_practice,1.0,False,Digital-Heavy,4.0,13.0,8.0,4.0,3.0,0.0,1.0,3.0,4.0,1.0,0.0,0.07692307692307693,0.375,1.0,0.3333333333333333,2025-05-13 09:00:00,2025-10-20 11:00:00,2026-01-01 13:00:00,2025-09-30 08:00:00,2025-08-14 09:00:00,234,74,1,94,141,0.23529411764705882,0.24193548387096778,0.5,0.9677419354838709,0.3,0.17543859649122806,0.7647058823529411,0.28846153846153844,0.25,0.11363636363636363,0.6189753320683111,0.5310483870967742,0.29175438596491227,0.32556561085972846,0.09772727272727272,41.37,73,High Engagement,rep_visit,True
182,Catherine,Dixon,cardiology,low_value,TERR_26,Los Angeles,CA,hospital,3.0,True,Mixed,1.0,0.0,0.0,6.0,3.0,0.0,0.0,0.0,3.0,2.0,0.0,0.0,0.0,0.5,0.6666666666666666,2025-08-19 09:00:00,,,2025-10-15 17:00:00,2026-01-02 16:00:00,136,,,79,0,0.35294117647058826,0.27522935779816515,0.0,0.0,0.3,1.0,0.0,0.0,0.0625,0.18072289156626506,0.4109282245008095,0.0,0.6233333333333333,0.0,0.054894578313253006,25.62,342,Medium Engagement,Do Not Contact,False
183,Paul,Ray,dermatology,low_value,TERR_40,Omaha,NE,private_practice,5.3,False,Digital-Heavy,3.0,6.0,2.0,1.0,1.0,0.0,1.0,0.0,0.0,0.0,0.0,0.16666666666666666,0.0,0.0,0.0,2025-12-25 09:00:00,2025-12-12 08:00:00,2025-07-03 08:00:00,2025-10-07 14:00:00,2025-10-23 10:00:00,8,21,183,87,71,0.058823529411764705,0.25641025641025644,0.125,0.14084507042253522,0.1,0.297029702970297,0.35294117647058826,0.5882352941176471,0.1875,0.7894736842105263,0.0689291101055807,0.06566901408450704,0.0894059405940594,0.30686274509803924,0.21414473684210528,12.98,482,Low Engagement,email,True
184,Jonathan,Fletcher,primary_care,high_value,TERR_37,Oakland,CA,private_practice,0.6,False,Mixed,13.0,9.0,7.0,3.0,1.0,1.0,2.0,0.0,1.0,0.0,0.07692307692307693,0.2222222222222222,0.0,0.3333333333333333,0.0,2025-12-23 12:00:00,2025-10-09 11:00:00,2025-11-24 14:00:00,2025-09-29 14:00:00,2025-10-28 14:00:00,10,85,39,95,66,0.17647058823529413,0.24000000000000005,0.4375,0.4347826086956522,0.1,0.3125,0.5294117647058824,0.2608695652173913,0.8125,0.75,0.26760784313725494,0.21820652173913047,0.0925,0.32210855356635404,0.4322115384615385,25.56,343,Medium Engagement,digital_ad,True
185,Aaron,Frost,endocrinology,medium_value,TERR_49,Indianapolis,IN,hospital,3.9,True,Mixed,0.0,0.0,0.0,7.0,3.0,0.0,0.0,0.0,7.0,0.0,0.0,0.0,0.0,1.0,0.0,,,,2025-12-30 09:00:00,2025-02-26 08:00:00,,,,3,310,0.4117647058823529,0.9090909090909091,0.0,0.0,0.3,0.08823529411764705,0.0,0.0,0.0,0.0,0.8053475935828878,0.0,0.1076470588235294,0.0,0.0,26.31,327,Medium Engagement,Do Not Contact,False
186,Amanda,Ball,oncology,high_value,TERR_12,San Francisco,CA,cancer_center,1.8,False,Mixed,5.0,8.0,3.0,5.0,7.0,1.0,0.0,0.0,2.0,4.0,0.2,0.0,0.0,0.4,0.5714285714285714,2025-12-19 17:00:00,2026-01-02 15:00:00,2025-07-29 16:00:00,2025-12-08 11:00:00,2025-12-01 09:00:00,14,0,157,25,32,0.29411764705882354,0.5454545454545454,0.1875,0.16042780748663102,0.7,0.48387096774193555,0.47058823529411764,1.0,0.3125,0.6818181818181818,0.39732620320855616,0.0883355614973262,0.5924884792626728,0.3411764705882353,0.33011363636363633,35.61,174,Medium Engagement,webinar,True
187,Judy,Lambert,cardiology,medium_value,TERR_06,San Diego,CA,hospital,2.2,False,In-Person-Heavy,10.0,17.0,3.0,2.0,3.0,0.0,1.0,1.0,0.0,1.0,0.0,0.058823529411764705,0.3333333333333333,0.0,0.3333333333333333,2025-09-04 10:00:00,2025-12-26 11:00:00,2025-10-02 13:00:00,2025-12-01 10:00:00,2025-07-24 16:00:00,120,7,92,32,162,0.11764705882352941,0.48387096774193555,0.1875,0.24590163934426232,0.3,0.15625,1.0,0.8108108108108107,0.625,0.2,0.13206831119544593,0.2720969945355191,0.28791666666666665,0.4915739268680445,0.2275,25.95,333,Medium Engagement,email,True
188,Michael,Jones,primary_care,medium_value,TERR_26,Raleigh,NC,hospital,4.4,True,Digital-Heavy,4.0,0.0,0.0,4.0,3.0,0.0,0.0,0.0,1.0,2.0,0.0,0.0,0.0,0.25,0.6666666666666666,2025-11-17 15:00:00,,,2025-12-26 13:00:00,2025-08-28 15:00:00,46,,,7,127,0.23529411764705882,0.8108108108108107,0.0,0.0,0.3,0.19108280254777069,0.0,0.0,0.25,0.39473684210526316,0.3577503974562798,0.0,0.46154989384288747,0.0,0.15394736842105264,22.27,395,Medium Engagement,Do Not Contact,False
189,Elizabeth,Rivera,dermatology,medium_value,TERR_07,Columbus,OH,clinic,2.0,False,Mixed,4.0,8.0,6.0,1.0,5.0,0.0,0.0,1.0,0.0,0.0,0.0,0.0,0.16666666666666666,0.0,0.0,2025-11-11 16:00:00,2025-10-24 17:00:00,2025-11-06 08:00:00,2025-10-15 15:00:00,2025-12-01 12:00:00,52,70,57,79,32,0.058823529411764705,0.27522935779816515,0.375,0.3448275862068966,0.5,0.48387096774193555,0.47058823529411764,0.3,0.25,0.36585365853658536,0.07269293038316244,0.26479885057471264,0.24677419354838712,0.2011764705882353,0.14817073170731707,17.65,448,Low Engagement,phone_call,True
190,Lee,Charles,dermatology,medium_value,TERR_08,Cleveland,OH,clinic,9.7,False,Digital-Heavy,0.0,3.0,4.0,8.0,1.0,0.0,0.0,1.0,6.0,1.0,0.0,0.0,0.25,0.75,1.0,,2025-12-30 14:00:00,2025-11-17 13:00:00,2025-12-08 08:00:00,2025-05-16 08:00:00,,3,46,25,231,0.47058823529411764,0.5454545454545454,0.25,0.39473684210526316,0.1,0.1149425287356322,0.17647058823529413,0.9090909090909091,0.0,0.0,0.6252673796791444,0.27894736842105267,0.5529885057471264,0.23475935828877006,0.0,38.92,117,Medium Engagement,rep_visit,True
191,Jennifer,Evans,cardiology,high_value,TERR_18,Omaha,NE,clinic,2.8,False,Digital-Heavy,4.0,2.0,9.0,10.0,3.0,0.0,0.0,2.0,8.0,0.0,0.0,0.0,0.2222222222222222,0.8,0.0,2025-12-19 08:00:00,2025-03-12 11:00:00,2025-10-24 13:00:00,2026-01-01 14:00:00,2025-11-28 10:00:00,14,296,70,1,35,0.5882352941176471,0.9677419354838709,0.5625,0.3,0.3,0.46153846153846145,0.11764705882352941,0.09202453987730061,0.25,0.6818181818181818,0.7700189753320683,0.3398611111111111,0.18230769230769228,0.05369902562251895,0.21136363636363636,37.52,135,Medium Engagement,rep_visit,True
192,Kyle,Ortiz,primary_care,high_value,TERR_44,Minneapolis,MN,clinic,2.8,False,Mixed,11.0,13.0,4.0,1.0,3.0,2.0,3.0,0.0,1.0,1.0,0.18181818181818182,0.23076923076923078,0.0,1.0,0.3333333333333333,2025-12-19 09:00:00,2025-12-12 08:00:00,2025-10-20 09:00:00,2025-04-14 17:00:00,2025-08-05 15:00:00,14,21,74,263,150,0.058823529411764705,0.10238907849829351,0.25,0.28846153846153844,0.3,0.16666666666666666,0.7647058823529411,0.5882352941176471,0.6875,0.6818181818181818,0.5381248745231881,0.1326923076923077,0.29,0.46244343891402717,0.4335227272727272,38.04,126,Medium Engagement,rep_visit,True
193,Richard,Phillips,oncology,medium_value,TERR_39,Charlotte,NC,private_practice,0.5,False,Mixed,12.0,15.0,4.0,1.0,2.0,0.0,6.0,1.0,1.0,1.0,0.0,0.4,0.25,1.0,0.5,2025-12-22 13:00:00,2025-12-30 14:00:00,2025-09-24 16:00:00,2025-10-21 17:00:00,2025-11-07 12:00:00,11,3,100,73,56,0.058823529411764705,0.29126213592233013,0.25,0.23076923076923073,0.2,0.3488372093023256,0.8823529411764706,0.9090909090909091,0.75,0.7317073170731707,0.5758994860079955,0.24615384615384617,0.3797674418604651,0.646524064171123,0.37134146341463414,45.06,30,High Engagement,email,True
194,David,Fisher,primary_care,medium_value,TERR_13,Seattle,WA,private_practice,0.9,False,Mixed,4.0,2.0,5.0,3.0,3.0,2.0,0.0,2.0,0.0,0.0,0.5,0.0,0.4,0.0,0.0,2025-11-03 17:00:00,2025-12-17 09:00:00,2025-12-31 09:00:00,2025-10-21 14:00:00,2025-08-27 09:00:00,60,16,2,73,128,0.17647058823529413,0.29126213592233013,0.3125,0.9375,0.3,0.189873417721519,0.11764705882352941,0.6521739130434783,0.25,0.3333333333333333,0.11119360365505426,0.48125,0.1279746835443038,0.16572890025575449,0.39166666666666666,23.88,372,Medium Engagement,phone_call,True
195,Shelby,Byrd,primary_care,medium_value,TERR_32,Albuquerque,NM,clinic,2.9,True,Digital-Heavy,2.0,0.0,0.0,4.0,2.0,0.0,0.0,0.0,0.0,2.0,0.0,0.0,0.0,0.0,1.0,2025-11-11 11:00:00,,,2025-12-05 11:00:00,2025-02-04 08:00:00,52,,,28,332,0.23529411764705882,0.5172413793103449,0.0,0.0,0.2,0.08287292817679558,0.0,0.0,0.125,0.36585365853658536,0.17403651115618662,0.0,0.5765745856353591,0.0,0.11067073170731706,18.41,440,Low Engagement,Do Not Contact,False
196,Raven,Gilbert,cardiology,low_value,TERR_29,Arlington,TX,private_practice,6.6,False,Mixed,5.0,5.0,3.0,2.0,1.0,1.0,2.0,0.0,1.0,1.0,0.2,0.4,0.0,0.5,1.0,2025-12-01 15:00:00,2025-11-20 16:00:00,2025-12-16 11:00:00,2025-02-04 09:00:00,2025-12-30 12:00:00,32,43,17,332,3,0.11764705882352941,0.08287292817679558,0.1875,0.6382978723404256,0.1,0.9090909090909091,0.29411764705882354,0.410958904109589,0.3125,0.48387096774193555,0.30186870328241794,0.18390957446808512,0.7118181818181819,0.3704270749395649,0.2905241935483871,36.88,147,Medium Engagement,webinar,True
197,Kevin,Kelley,dermatology,medium_value,TERR_10,Baltimore,MD,private_practice,0.5,False,Mixed,5.0,8.0,6.0,2.0,2.0,0.0,0.0,0.0,0.0,0.0,0.0,0.0,0.0,0.0,0.0,2025-11-06 14:00:00,2025-12-24 08:00:00,2025-11-26 12:00:00,2025-04-25 09:00:00,2025-12-04 16:00:00,57,9,37,252,29,0.11764705882352941,0.10638297872340426,0.375,0.44776119402985076,0.2,0.5084745762711864,0.47058823529411764,0.7692307692307692,0.3125,0.3448275862068966,0.05657071339173968,0.20205223880597015,0.1616949152542373,0.29502262443438915,0.16271551724137934,15.84,465,Low Engagement,email,True
198,Aaron,Mitchell,primary_care,medium_value,TERR_01,Baltimore,MD,private_practice,3.7,False,Digital-Heavy,8.0,7.0,2.0,2.0,4.0,0.0,4.0,1.0,1.0,2.0,0.0,0.5714285714285714,0.5,0.5,0.5,2025-10-09 08:00:00,2025-11-04 15:00:00,2025-05-08 12:00:00,2026-01-02 09:00:00,2025-11-19 15:00:00,85,59,239,0,44,0.11764705882352941,1.0,0.125,0.11152416356877323,0.4,0.4054054054054054,0.4117647058823529,0.33707865168539325,0.5,0.2608695652173913,0.4852941176470588,0.30980483271375464,0.4510810810810811,0.47665942781607024,0.20217391304347826,39.96,93,Medium Engagement,rep_visit,True
199,Russell,Carpenter,primary_care,high_value,TERR_37,Oklahoma City,OK,private_practice,1.3,False,Digital-Heavy,12.0,11.0,4.0,1.0,3.0,0.0,5.0,0.0,0.0,0.0,0.0,0.45454545454545453,0.0,0.0,0.0,2025-12-08 16:00:00,2025-12-24 16:00:00,2025-08-01 17:00:00,2025-05-19 09:00:00,2025-10-21 17:00:00,25,9,154,228,73,0.058823529411764705,0.11627906976744186,0.25,0.16304347826086957,0.3,0.29126213592233013,0.6470588235294118,0.7692307692307692,0.75,0.5454545454545454,0.04090287277701778,0.1076086956521739,0.14825242718446602,0.5752365281777047,0.33409090909090905,19.98,424,Low Engagement,email,True
200,Diana,Marshall,primary_care,medium_value,TERR_15,Arlington,TX,hospital,2.4,False,Digital-Heavy,9.0,10.0,3.0,3.0,3.0,0.0,3.0,0.0,1.0,0.0,0.0,0.3,0.0,0.3333333333333333,0.0,2025-08-06 14:00:00,2025-12-15 09:00:00,2025-10-01 12:00:00,2025-12-08 10:00:00,2025-06-27 12:00:00,149,18,93,25,189,0.17647058823529413,0.5454545454545454,0.1875,0.24390243902439027,0.3,0.136986301369863,0.5882352941176471,0.625,0.5625,0.16759776536312848,0.32869875222816397,0.10503048780487806,0.1173972602739726,0.4514705882352941,0.20226955307262567,24.12,366,Medium Engagement,email,True
201,Scott,Lewis,primary_care,high_value,TERR_46,Detroit,MI,clinic,2.6,False,Digital-Heavy,2.0,4.0,11.0,6.0,4.0,2.0,0.0,3.0,1.0,4.0,1.0,0.0,0.2727272727272727,0.16666666666666666,1.0,2025-07-28 09:00:00,2025-10-30 16:00:00,2025-11-20 17:00:00,2025-12-17 11:00:00,2025-12-08 17:00:00,158,64,43,16,25,0.35294117647058826,0.6521739130434783,0.6875,0.410958904109589,0.4,0.5454545454545454,0.23529411764705882,0.3191489361702128,0.125,0.1595744680851064,0.3196504688832055,0.42480541718555415,0.7290909090909091,0.1344180225281602,0.5694148936170212,43.22,49,High Engagement,webinar,True
202,Thomas,Santana,cardiology,low_value,TERR_07,Houston,TX,clinic,0.5,False,Mixed,0.0,1.0,6.0,7.0,1.0,0.0,0.0,1.0,2.0,0.0,0.0,0.0,0.16666666666666666,0.2857142857142857,0.0,,2025-10-27 16:00:00,2025-11-18 08:00:00,2025-12-30 09:00:00,2025-02-13 10:00:00,,67,45,3,323,0.4117647058823529,0.9090909090909091,0.375,0.4,0.1,0.08498583569405098,0.058823529411764705,0.30927835051546393,0.0,0.0,0.44820473644003056,0.2758333333333333,0.04699716713881019,0.07950272892662219,0.0,21.1,407,Medium Engagement,rep_visit,True
203,Laura,Jackson,cardiology,high_value,TERR_46,San Jose,CA,private_practice,1.7,False,In-Person-Heavy,0.0,4.0,10.0,12.0,5.0,0.0,0.0,7.0,7.0,1.0,0.0,0.0,0.7,0.5833333333333334,0.2,,2025-12-17 17:00:00,2025-12-11 13:00:00,2026-01-02 12:00:00,2025-12-26 13:00:00,,16,22,0,7,0.7058823529411765,1.0,0.625,0.5769230769230769,0.5,0.8108108108108107,0.23529411764705882,0.6521739130434783,0.0,0.0,0.7034313725490196,0.6528846153846154,0.41216216216216217,0.2010230179028133,0.0,45.42,27,High Engagement,rep_visit,True
204,Christopher,Robertson,cardiology,high_value,TERR_49,Chicago,IL,private_practice,2.0,False,Mixed,10.0,13.0,2.0,1.0,6.0,3.0,5.0,0.0,0.0,1.0,0.3,0.38461538461538464,0.0,0.0,0.16666666666666666,2025-11-19 08:00:00,2026-01-01 10:00:00,2025-09-11 16:00:00,2025-08-05 11:00:00,2025-12-18 13:00:00,44,1,113,150,15,0.058823529411764705,0.16666666666666666,0.125,0.2097902097902098,0.6,0.6666666666666666,0.7647058823529411,0.9677419354838709,0.625,0.4054054054054054,0.050980392156862744,0.07945804195804196,0.3966666666666666,0.6152678441103487,0.4185810810810811,26.56,322,Medium Engagement,email,True
205,Cynthia,Rogers,dermatology,low_value,TERR_17,Detroit,MI,private_practice,2.3,False,Mixed,2.0,4.0,4.0,4.0,4.0,0.0,0.0,0.0,1.0,2.0,0.0,0.0,0.0,0.25,0.5,2025-12-19 15:00:00,2025-12-05 15:00:00,2025-11-06 14:00:00,2025-11-17 10:00:00,2025-12-10 12:00:00,14,28,57,46,23,0.23529411764705882,0.39473684210526316,0.25,0.3448275862068966,0.4,0.5660377358490566,0.23529411764705882,0.5172413793103449,0.125,0.6818181818181818,0.2745356037151703,0.14396551724137932,0.4832075471698113,0.17403651115618662,0.17386363636363636,26.0,331,Medium Engagement,webinar,True
206,Loretta,Potter,cardiology,low_value,TERR_47,Oklahoma City,OK,clinic,1.9,False,Digital-Heavy,0.0,0.0,6.0,6.0,1.0,0.0,0.0,1.0,1.0,0.0,0.0,0.0,0.16666666666666666,0.16666666666666666,0.0,,,2025-07-08 16:00:00,2025-10-23 08:00:00,2025-04-11 12:00:00,,,178,71,266,0.35294117647058826,0.297029702970297,0.375,0.14423076923076922,0.1,0.10135135135135134,0.0,0.0,0.0,0.0,0.2486216268685692,0.22467948717948716,0.05027027027027027,0.0,0.0,12.96,483,Low Engagement,rep_visit,True
207,Emily,Walker,primary_care,medium_value,TERR_28,Louisville,KY,clinic,0.5,False,Mixed,1.0,2.0,5.0,17.0,3.0,1.0,0.0,2.0,11.0,1.0,1.0,0.0,0.4,0.6470588235294118,0.3333333333333333,2025-07-03 09:00:00,2025-10-29 15:00:00,2026-01-01 10:00:00,2025-11-24 16:00:00,2025-12-18 15:00:00,183,65,1,39,15,1.0,0.4347826086956522,0.3125,0.9677419354838709,0.3,0.6666666666666666,0.11764705882352941,0.31578947368421056,0.0625,0.14084507042253522,0.7104859335038364,0.4872983870967742,0.39,0.09845201238390094,0.546919014084507,48.54,8,High Engagement,rep_visit,True
208,James,Johnson,primary_care,low_value,TERR_42,Dallas,TX,private_practice,0.5,False,In-Person-Heavy,4.0,7.0,7.0,2.0,5.0,0.0,1.0,1.0,2.0,1.0,0.0,0.14285714285714285,0.14285714285714285,1.0,0.2,2025-11-28 09:00:00,2025-11-11 11:00:00,2025-12-26 14:00:00,2025-09-01 17:00:00,2026-01-01 11:00:00,35,52,7,123,1,0.11764705882352941,0.19607843137254904,0.4375,0.8108108108108107,0.5,0.9677419354838709,0.4117647058823529,0.36585365853658536,0.25,0.46153846153846145,0.5745098039215686,0.3648407335907336,0.4435483870967742,0.26812871490059437,0.1673076923076923,39.93,94,Medium Engagement,rep_visit,True
209,John,Alvarez,primary_care,high_value,TERR_08,Phoenix,AZ,private_practice,1.0,False,Mixed,2.0,2.0,12.0,11.0,5.0,0.0,0.0,5.0,3.0,1.0,0.0,0.0,0.4166666666666667,0.2727272727272727,0.2,2025-07-30 12:00:00,2025-09-22 09:00:00,2025-11-25 12:00:00,2025-12-22 14:00:00,2025-12-03 13:00:00,156,102,38,11,30,0.6470588235294118,0.7317073170731707,0.75,0.4411764705882353,0.5,0.5,0.11764705882352941,0.22727272727272727,0.125,0.16129032258064516,0.476822746837094,0.5215686274509804,0.35,0.08074866310160428,0.06975806451612904,33.99,196,Medium Engagement,phone_call,True
210,Melissa,Jones,oncology,medium_value,TERR_48,Fort Worth,TX,cancer_center,0.5,False,Digital-Heavy,0.0,5.0,8.0,7.0,5.0,0.0,1.0,4.0,6.0,1.0,0.0,0.2,0.5,0.8571428571428571,0.2,,2025-12-26 12:00:00,2025-11-25 12:00:00,2025-12-30 17:00:00,2025-12-10 11:00:00,,7,38,3,23,0.4117647058823529,0.9090909090909091,0.5,0.4411764705882353,0.5,0.5660377358490566,0.29411764705882354,0.8108108108108107,0.0,0.0,0.7339190221543161,0.4882352941176471,0.3632075471698113,0.3503974562798092,0.0,44.3,41,High Engagement,rep_visit,True
211,Robert,Soto,endocrinology,low_value,TERR_29,Chicago,IL,private_practice,0.5,False,Mixed,2.0,6.0,2.0,2.0,3.0,0.0,0.0,1.0,2.0,2.0,0.0,0.0,0.5,1.0,0.6666666666666666,2025-05-19 13:00:00,2026-01-01 14:00:00,2025-06-16 14:00:00,2025-07-21 14:00:00,2025-12-25 11:00:00,228,1,200,165,8,0.11764705882352941,0.15384615384615385,0.125,0.13043478260869565,0.3,0.7894736842105263,0.35294117647058826,0.9677419354838709,0.125,0.11627906976744186,0.5660633484162896,0.3135869565217391,0.5812280701754386,0.29943074003795067,0.06075581395348837,40.28,90,High Engagement,webinar,True
212,James,Horton,oncology,high_value,TERR_33,Philadelphia,PA,cancer_center,0.5,False,Digital-Heavy,6.0,10.0,11.0,5.0,2.0,0.0,2.0,0.0,1.0,0.0,0.0,0.2,0.0,0.2,0.0,2025-12-26 14:00:00,2025-11-28 16:00:00,2025-10-24 17:00:00,2025-12-08 09:00:00,2025-09-09 16:00:00,7,35,70,25,115,0.29411764705882354,0.5454545454545454,0.6875,0.3,0.2,0.2068965517241379,0.5882352941176471,0.46153846153846145,0.375,0.8108108108108107,0.29732620320855613,0.26625,0.10137931034482758,0.36877828054298645,0.27466216216216216,25.92,335,Medium Engagement,email,True
213,Troy,Sanchez,cardiology,high_value,TERR_13,Miami,FL,clinic,2.4,False,Digital-Heavy,4.0,8.0,6.0,12.0,5.0,0.0,1.0,3.0,3.0,2.0,0.0,0.125,0.5,0.25,0.4,2025-12-02 12:00:00,2025-12-19 09:00:00,2025-10-29 16:00:00,2025-11-20 15:00:00,2025-12-12 14:00:00,31,14,65,43,21,0.7058823529411765,0.410958904109589,0.375,0.31578947368421056,0.5,0.5882352941176471,0.47058823529411764,0.6818181818181818,0.25,0.49180327868852464,0.41895648670427077,0.4256578947368421,0.4676470588235294,0.34004010695187165,0.17336065573770493,38.14,124,Medium Engagement,webinar,True
214,Diana,Smith,dermatology,medium_value,TERR_27,Atlanta,GA,clinic,2.4,True,Mixed,1.0,0.0,0.0,10.0,3.0,1.0,0.0,0.0,5.0,2.0,1.0,0.0,0.0,0.5,0.6666666666666666,2025-05-13 08:00:00,,,2025-11-20 17:00:00,2025-10-01 15:00:00,234,,,43,93,0.5882352941176471,0.410958904109589,0.0,0.0,0.3,0.24390243902439027,0.0,0.0,0.0625,0.11363636363636363,0.508662369057212,0.0,0.4721138211382114,0.0,0.5414772727272728,32.82,220,Medium Engagement,Do Not Contact,False
215,Karen,Carrillo,endocrinology,medium_value,TERR_43,Baltimore,MD,private_practice,1.1,False,Digital-Heavy,9.0,3.0,4.0,1.0,2.0,2.0,1.0,0.0,1.0,0.0,0.2222222222222222,0.3333333333333333,0.0,1.0,0.0,2025-11-20 10:00:00,2025-10-29 15:00:00,2025-10-09 10:00:00,2025-12-12 13:00:00,2025-10-21 10:00:00,43,65,85,21,73,0.058823529411764705,0.5882352941176471,0.25,0.2608695652173913,0.2,0.29126213592233013,0.17647058823529413,0.31578947368421056,0.5625,0.410958904109589,0.6352941176470589,0.12717391304347825,0.11825242718446602,0.28276573787409703,0.3620528919330289,33.64,200,Medium Engagement,rep_visit,True
216,Daniel,Coleman,oncology,medium_value,TERR_29,Jacksonville,FL,private_practice,1.3,False,In-Person-Heavy,1.0,3.0,7.0,11.0,6.0,0.0,0.0,1.0,8.0,2.0,0.0,0.0,0.14285714285714285,0.7272727272727273,0.3333333333333333,2025-11-28 15:00:00,2025-07-25 14:00:00,2025-11-06 09:00:00,2025-12-03 11:00:00,2025-10-01 09:00:00,35,161,57,30,93,0.6470588235294118,0.5,0.4375,0.3448275862068966,0.6,0.24390243902439027,0.17647058823529413,0.15706806282722513,0.0625,0.46153846153846145,0.6577540106951871,0.27164408866995077,0.3954471544715447,0.08435478903603326,0.1110576923076923,36.01,169,Medium Engagement,rep_visit,True
217,Gregory,Rubio,oncology,medium_value,TERR_31,Fresno,CA,hospital,2.8,False,In-Person-Heavy,2.0,3.0,6.0,4.0,6.0,0.0,0.0,1.0,2.0,4.0,0.0,0.0,0.16666666666666666,0.5,0.6666666666666666,2025-11-10 14:00:00,2025-10-07 12:00:00,2025-11-17 08:00:00,2025-10-20 08:00:00,2025-12-15 16:00:00,53,87,46,74,18,0.23529411764705882,0.28846153846153844,0.375,0.39473684210526316,0.6,0.625,0.17647058823529413,0.25641025641025644,0.125,0.3614457831325301,0.3782805429864253,0.27478070175438596,0.6383333333333333,0.10422322775263954,0.10978915662650601,32.82,220,Medium Engagement,webinar,True
218,April,Williams,endocrinology,medium_value,TERR_48,Philadelphia,PA,private_practice,1.3,False,Mixed,8.0,10.0,2.0,3.0,2.0,1.0,3.0,2.0,1.0,0.0,0.125,0.3,1.0,0.3333333333333333,0.0,2025-12-09 12:00:00,2025-11-10 08:00:00,2025-05-21 17:00:00,2025-12-18 09:00:00,2025-12-23 09:00:00,24,53,226,15,10,0.17647058823529413,0.6666666666666666,0.125,0.1171875,0.2,0.75,0.5882352941176471,0.3614457831325301,0.5,0.5555555555555556,0.3529411764705882,0.5609375,0.21000000000000002,0.39875974486180016,0.3236111111111111,36.84,150,Medium Engagement,phone_call,True
219,John,Charles,cardiology,low_value,TERR_15,Baltimore,MD,hospital,2.7,False,Digital-Heavy,0.0,7.0,5.0,5.0,3.0,0.0,2.0,0.0,3.0,1.0,0.0,0.2857142857142857,0.0,0.6,0.3333333333333333,,2025-12-03 11:00:00,2025-12-10 10:00:00,2025-10-29 08:00:00,2025-12-25 08:00:00,,30,23,65,8,0.29411764705882354,0.31578947368421056,0.3125,0.5660377358490566,0.3,0.7894736842105263,0.4117647058823529,0.5,0.0,0.0,0.4513931888544892,0.20695754716981132,0.4145614035087719,0.36638655462184877,0.0,31.47,239,Medium Engagement,rep_visit,True
220,Stephen,Solis,dermatology,high_value,TERR_32,Kansas City,MO,private_practice,1.4,False,Digital-Heavy,10.0,11.0,4.0,1.0,6.0,0.0,4.0,3.0,0.0,2.0,0.0,0.36363636363636365,0.75,0.0,0.3333333333333333,2025-12-18 16:00:00,2025-12-10 13:00:00,2025-10-28 13:00:00,2025-03-24 13:00:00,2026-01-01 08:00:00,15,23,66,284,1,0.058823529411764705,0.09554140127388534,0.25,0.3125,0.6,0.9677419354838709,0.6470588235294118,0.5660377358490566,0.625,0.6666666666666666,0.036755339078306484,0.5125,0.5402150537634409,0.4891433760468167,0.3208333333333333,34.31,192,Medium Engagement,webinar,True
221,Elizabeth,Travis,oncology,high_value,TERR_01,El Paso,TX,private_practice,6.0,False,Digital-Heavy,11.0,10.0,4.0,2.0,4.0,1.0,1.0,4.0,0.0,1.0,0.09090909090909091,0.1,1.0,0.0,0.25,2025-12-08 17:00:00,2025-12-24 11:00:00,2025-11-19 08:00:00,2025-07-28 15:00:00,2025-12-01 08:00:00,25,9,44,158,32,0.11764705882352941,0.1595744680851064,0.25,0.4054054054054054,0.4,0.48387096774193555,0.5882352941176471,0.7692307692307692,0.6875,0.5454545454545454,0.0672090112640801,0.6560810810810811,0.3417741935483871,0.380316742081448,0.36079545454545453,33.09,212,Medium Engagement,phone_call,True
222,Caitlin,Dodson,oncology,low_value,TERR_14,Wichita,KS,hospital,2.0,False,In-Person-Heavy,3.0,4.0,7.0,1.0,1.0,0.0,0.0,2.0,0.0,0.0,0.0,0.0,0.2857142857142857,0.0,0.0,2025-10-23 12:00:00,2025-12-30 17:00:00,2025-12-18 09:00:00,2025-01-29 14:00:00,2025-04-07 14:00:00,71,3,15,338,270,0.058823529411764705,0.08152173913043478,0.4375,0.6666666666666666,0.1,0.1,0.23529411764705882,0.9090909090909091,0.1875,0.297029702970297,0.033951406649616364,0.4074404761904762,0.05,0.2524064171122995,0.1156559405940594,15.69,466,Low Engagement,phone_call,True
223,Patricia,Salazar,dermatology,high_value,TERR_29,Austin,TX,private_practice,0.5,False,Digital-Heavy,0.0,4.0,16.0,12.0,3.0,0.0,2.0,3.0,5.0,3.0,0.0,0.5,0.1875,0.4166666666666667,1.0,,2025-08-14 11:00:00,2025-11-21 13:00:00,2025-12-19 13:00:00,2025-12-26 09:00:00,,141,42,14,7,0.7058823529411765,0.6818181818181818,1.0,0.4166666666666667,0.3,0.8108108108108107,0.23529411764705882,0.17543859649122806,0.0,0.0,0.5564616755793226,0.4770833333333333,0.7521621621621621,0.35567595459236323,0.0,46.61,15,High Engagement,webinar,True
224,Jennifer,Wagner,primary_care,high_value,TERR_11,Nashville,TN,private_practice,4.9,False,Digital-Heavy,2.0,5.0,5.0,6.0,2.0,0.0,1.0,4.0,6.0,0.0,0.0,0.2,0.8,1.0,0.0,2025-05-28 17:00:00,2025-12-16 13:00:00,2025-12-12 14:00:00,2025-11-17 16:00:00,2025-09-16 13:00:00,219,17,21,46,108,0.35294117647058826,0.39473684210526316,0.3125,0.5882352941176471,0.2,0.2173913043478261,0.29411764705882354,0.6382978723404256,0.125,0.12048192771084336,0.6848297213622291,0.6113970588235295,0.10347826086956521,0.3158948685857322,0.061596385542168675,40.5,85,High Engagement,rep_visit,True
225,Maria,Kelley,oncology,medium_value,TERR_29,Louisville,KY,hospital,2.9,False,Digital-Heavy,1.0,1.0,5.0,6.0,4.0,0.0,0.0,3.0,3.0,0.0,0.0,0.0,0.6,0.5,0.0,2025-12-17 11:00:00,2025-07-23 14:00:00,2025-10-10 09:00:00,2025-10-15 09:00:00,2025-12-29 12:00:00,16,163,84,79,4,0.35294117647058826,0.27522935779816515,0.3125,0.2631578947368421,0.4,0.8823529411764706,0.058823529411764705,0.15544041450777202,0.0625,0.6521739130434783,0.4109282245008095,0.4463815789473684,0.29647058823529415,0.048735141725083815,0.14918478260869564,30.15,257,Medium Engagement,phone_call,True
226,Phyllis,Manning,cardiology,medium_value,TERR_14,Washington,DC,private_practice,6.8,False,Digital-Heavy,0.0,6.0,12.0,13.0,4.0,0.0,0.0,9.0,8.0,0.0,0.0,0.0,0.75,0.6153846153846154,0.0,,2025-09-04 11:00:00,2025-12-18 10:00:00,2026-01-02 17:00:00,2025-11-20 09:00:00,,120,15,0,43,0.7647058823529411,1.0,0.75,0.6666666666666666,0.4,0.410958904109589,0.35294117647058826,0.2,0.0,0.0,0.7371040723981901,0.7333333333333333,0.2021917808219178,0.14588235294117646,0.0,43.01,54,High Engagement,rep_visit,True
227,Thomas,Green,cardiology,medium_value,TERR_21,Wichita,KS,private_practice,1.0,False,In-Person-Heavy,13.0,9.0,7.0,1.0,5.0,2.0,4.0,0.0,0.0,1.0,0.15384615384615385,0.4444444444444444,0.0,0.0,0.2,2025-12-29 14:00:00,2025-11-04 12:00:00,2025-12-25 17:00:00,2025-09-24 11:00:00,2025-10-02 17:00:00,4,59,8,100,92,0.058823529411764705,0.23076923076923073,0.4375,0.7894736842105263,0.5,0.24590163934426232,0.5294117647058824,0.33707865168539325,0.8125,0.8823529411764706,0.06380090497737556,0.2891447368421053,0.29918032786885246,0.44846148197106556,0.49714366515837105,27.86,296,Medium Engagement,digital_ad,True
228,John,Walsh,dermatology,high_value,TERR_05,Chicago,IL,clinic,1.1,False,Mixed,4.0,4.0,4.0,5.0,3.0,0.0,1.0,2.0,0.0,2.0,0.0,0.25,0.5,0.0,0.6666666666666666,2025-12-30 14:00:00,2025-10-06 17:00:00,2025-12-01 09:00:00,2025-11-19 15:00:00,2025-09-16 15:00:00,3,88,32,44,108,0.29411764705882354,0.4054054054054054,0.25,0.48387096774193555,0.3,0.2173913043478261,0.23529411764705882,0.2542372881355932,0.25,0.9090909090909091,0.16931637519872816,0.42177419354838713,0.4668115942028986,0.2464356929212363,0.25681818181818183,30.4,251,Medium Engagement,webinar,True
229,Katie,Boyd,cardiology,low_value,TERR_49,Oklahoma City,OK,private_practice,0.6,False,Digital-Heavy,10.0,8.0,4.0,1.0,3.0,0.0,0.0,2.0,1.0,2.0,0.0,0.0,0.5,1.0,0.6666666666666666,2025-12-09 14:00:00,2025-11-17 17:00:00,2025-10-20 17:00:00,2025-04-02 17:00:00,2025-12-23 10:00:00,24,46,74,275,10,0.058823529411764705,0.09836065573770493,0.25,0.28846153846153844,0.3,0.75,0.47058823529411764,0.39473684210526316,0.625,0.5555555555555556,0.5373191899710704,0.3826923076923077,0.5733333333333334,0.22012383900928795,0.2986111111111111,43.02,52,High Engagement,webinar,True
230,Courtney,Hill,endocrinology,medium_value,TERR_27,San Diego,CA,clinic,1.8,False,In-Person-Heavy,8.0,5.0,9.0,4.0,9.0,0.0,1.0,1.0,2.0,2.0,0.0,0.2,0.1111111111111111,0.5,0.2222222222222222,2025-12-08 14:00:00,2025-12-23 13:00:00,2025-11-12 09:00:00,2025-09-30 17:00:00,2026-01-01 09:00:00,25,10,51,94,1,0.23529411764705882,0.24193548387096778,0.5625,0.37037037037037035,0.9,0.9677419354838709,0.29411764705882354,0.75,0.5,0.5454545454545454,0.3689753320683112,0.2983796296296296,0.5746594982078853,0.3382352941176471,0.2590909090909091,37.49,136,Medium Engagement,webinar,True
231,Chris,Mitchell,endocrinology,low_value,TERR_46,Cleveland,OH,private_practice,1.8,False,In-Person-Heavy,2.0,5.0,4.0,1.0,3.0,0.0,1.0,0.0,1.0,0.0,0.0,0.2,0.0,1.0,0.0,2025-06-04 11:00:00,2025-10-21 16:00:00,2026-01-01 14:00:00,2025-11-24 11:00:00,2025-07-02 13:00:00,212,73,1,39,184,0.058823529411764705,0.4347826086956522,0.25,0.9677419354838709,0.3,0.14018691588785046,0.29411764705882354,0.29126213592233013,0.125,0.12396694214876033,0.60460358056266,0.2685483870967742,0.1180373831775701,0.24648772130211308,0.062293388429752065,30.5,249,Medium Engagement,rep_visit,True
232,Joseph,Flores,endocrinology,low_value,TERR_44,Detroit,MI,private_practice,1.8,False,In-Person-Heavy,4.0,6.0,5.0,3.0,4.0,1.0,0.0,0.0,3.0,1.0,0.25,0.0,0.0,1.0,0.25,2025-10-28 16:00:00,2025-10-17 10:00:00,2025-12-25 09:00:00,2025-12-29 09:00:00,2025-11-19 12:00:00,66,77,8,4,44,0.17647058823529413,0.8823529411764706,0.3125,0.7894736842105263,0.4,0.4054054054054054,0.35294117647058826,0.2803738317757009,0.25,0.3125,0.7294117647058824,0.2516447368421053,0.3260810810810811,0.16195711929631665,0.2625,39.8,98,Medium Engagement,rep_visit,True
233,Amber,Taylor,endocrinology,high_value,TERR_20,Kansas City,MO,hospital,7.8,False,Mixed,4.0,4.0,4.0,6.0,3.0,0.0,2.0,0.0,4.0,1.0,0.0,0.5,0.0,0.6666666666666666,0.3333333333333333,2025-12-09 11:00:00,2025-09-04 15:00:00,2025-09-19 17:00:00,2025-12-19 11:00:00,2025-09-11 17:00:00,24,120,105,14,113,0.35294117647058826,0.6818181818181818,0.25,0.2222222222222222,0.3,0.2097902097902098,0.23529411764705882,0.2,0.25,0.5555555555555556,0.5755793226381462,0.11944444444444444,0.29862470862470863,0.36058823529411765,0.18611111111111112,33.83,198,Medium Engagement,rep_visit,True
234,Jesse,Benson,primary_care,low_value,TERR_22,Los Angeles,CA,private_practice,5.1,False,In-Person-Heavy,2.0,5.0,5.0,2.0,0.0,0.0,2.0,2.0,2.0,0.0,0.0,0.4,0.4,1.0,0.0,2025-06-24 17:00:00,2025-11-11 15:00:00,2025-08-19 11:00:00,2025-11-26 11:00:00,,192,52,136,37,,0.11764705882352941,0.44776119402985076,0.3125,0.18072289156626506,0.0,0.0,0.29411764705882354,0.36585365853658536,0.125,0.13513513513513511,0.624846356453029,0.32989457831325303,0.0,0.36140602582496417,0.06452702702702702,31.73,235,Medium Engagement,rep_visit,True
235,Jasmine,Brown,cardiology,high_value,TERR_18,Tulsa,OK,clinic,8.4,False,In-Person-Heavy,3.0,3.0,9.0,13.0,6.0,0.0,0.0,5.0,9.0,2.0,0.0,0.0,0.5555555555555556,0.6923076923076923,0.3333333333333333,2025-09-16 15:00:00,2025-12-15 15:00:00,2025-12-29 11:00:00,2025-10-20 14:00:00,2025-12-10 12:00:00,108,18,4,74,23,0.7647058823529411,0.28846153846153844,0.5625,0.8823529411764706,0.6,0.5660377358490566,0.17647058823529413,0.625,0.1875,0.2173913043478261,0.6332579185520362,0.6229983660130719,0.459874213836478,0.17794117647058824,0.09972826086956521,44.82,33,High Engagement,rep_visit,True
236,Rick,Daniels,cardiology,high_value,TERR_38,Raleigh,NC,hospital,0.9,False,Digital-Heavy,10.0,7.0,7.0,0.0,2.0,1.0,1.0,1.0,0.0,1.0,0.1,0.14285714285714285,0.14285714285714285,0.0,0.5,2025-11-21 16:00:00,2025-12-24 11:00:00,2026-01-02 08:00:00,,2025-08-07 12:00:00,42,9,0,,148,0.0,0.0,0.4375,1.0,0.2,0.16853932584269662,0.4117647058823529,0.7692307692307692,0.625,0.4166666666666667,0.0,0.40267857142857144,0.34370786516853935,0.34880413703943114,0.3208333333333333,24.97,349,Medium Engagement,phone_call,True
237,Robert,Clark,cardiology,low_value,TERR_22,Memphis,TN,private_practice,4.5,False,In-Person-Heavy,0.0,0.0,9.0,3.0,1.0,0.0,0.0,2.0,3.0,0.0,0.0,0.0,0.2222222222222222,1.0,0.0,,,2025-08-25 15:00:00,2025-12-25 12:00:00,2025-02-28 16:00:00,,,130,8,308,0.17647058823529413,0.7894736842105263,0.5625,0.1875,0.1,0.08875739644970414,0.0,0.0,0.0,0.0,0.7108359133126936,0.3173611111111111,0.04775147928994083,0.0,0.0,28.63,277,Medium Engagement,rep_visit,True
238,Robert,Stein,endocrinology,high_value,TERR_50,Tucson,AZ,private_practice,0.5,False,In-Person-Heavy,0.0,5.0,8.0,7.0,6.0,0.0,0.0,2.0,2.0,0.0,0.0,0.0,0.25,0.2857142857142857,0.0,,2025-12-26 13:00:00,2025-10-13 09:00:00,2025-11-20 09:00:00,2025-12-31 11:00:00,,7,81,43,2,0.4117647058823529,0.410958904109589,0.5,0.27027027027027023,0.6,0.9375,0.29411764705882354,0.8108108108108107,0.0,0.0,0.34857833544376654,0.3290540540540541,0.3675,0.25039745627980925,0.0,28.14,291,Medium Engagement,webinar,True
239,Brandy,Dominguez,oncology,low_value,TERR_38,Colorado Springs,CO,cancer_center,0.5,False,Digital-Heavy,1.0,6.0,4.0,5.0,1.0,0.0,1.0,1.0,0.0,0.0,0.0,0.16666666666666666,0.25,0.0,0.0,2025-12-18 12:00:00,2025-11-24 09:00:00,2025-10-15 15:00:00,2025-11-20 10:00:00,2025-08-13 12:00:00,15,39,79,43,142,0.29411764705882354,0.410958904109589,0.25,0.27522935779816515,0.1,0.1744186046511628,0.35294117647058826,0.4347826086956522,0.0625,0.6666666666666666,0.17042707493956488,0.25504587155963304,0.06488372093023256,0.27617220801364023,0.15208333333333332,17.94,447,Low Engagement,email,True
240,Melissa,Cannon,oncology,high_value,TERR_34,Omaha,NE,cancer_center,0.5,False,Digital-Heavy,1.0,3.0,6.0,9.0,1.0,0.0,0.0,3.0,5.0,0.0,0.0,0.0,0.5,0.5555555555555556,0.0,2025-07-30 15:00:00,2025-05-19 11:00:00,2025-12-19 16:00:00,2025-12-26 11:00:00,2025-09-12 11:00:00,156,228,14,7,112,0.5294117647058824,0.8108108108108107,0.375,0.6818181818181818,0.1,0.2112676056338028,0.17647058823529413,0.11627906976744186,0.0625,0.16129032258064516,0.5987634693517047,0.49886363636363634,0.07225352112676056,0.0761969904240766,0.051008064516129034,31.29,242,Medium Engagement,rep_visit,True
241,Omar,Smith,endocrinology,low_value,TERR_08,San Diego,CA,private_practice,5.5,True,Mixed,5.0,0.0,0.0,0.0,3.0,0.0,0.0,0.0,0.0,2.0,0.0,0.0,0.0,0.0,0.6666666666666666,2025-07-18 16:00:00,,,,2025-11-26 12:00:00,168,,,,37,0.0,0.0,0.0,0.0,0.3,0.44776119402985076,0.0,0.0,0.3125,0.15151515151515152,0.0,0.0,0.5128855721393035,0.0,0.1240530303030303,12.12,487,Low Engagement,Do Not Contact,False
242,Michael,Molina,oncology,low_value,TERR_47,San Antonio,TX,cancer_center,1.5,False,In-Person-Heavy,2.0,5.0,3.0,2.0,3.0,0.0,0.0,1.0,2.0,0.0,0.0,0.0,0.3333333333333333,1.0,0.0,2025-11-07 16:00:00,2025-09-24 11:00:00,2025-12-02 10:00:00,2025-06-11 08:00:00,2025-12-26 12:00:00,56,100,31,205,7,0.11764705882352941,0.12765957446808512,0.1875,0.49180327868852464,0.3,0.8108108108108107,0.29411764705882354,0.23076923076923073,0.125,0.3488372093023256,0.5608260325406759,0.32127732240437157,0.25216216216216214,0.1343891402714932,0.10726744186046511,31.92,233,Medium Engagement,rep_visit,True
243,Melissa,Ashley,cardiology,medium_value,TERR_03,Raleigh,NC,clinic,2.5,False,In-Person-Heavy,6.0,6.0,4.0,1.0,3.0,0.0,0.0,0.0,1.0,3.0,0.0,0.0,0.0,1.0,1.0,2025-10-06 13:00:00,2025-11-18 12:00:00,2025-10-16 09:00:00,2025-03-13 15:00:00,2025-12-26 08:00:00,88,45,78,295,7,0.058823529411764705,0.0923076923076923,0.25,0.2777777777777778,0.3,0.8108108108108107,0.35294117647058826,0.4,0.375,0.2542372881355932,0.5361085972850679,0.13055555555555556,0.7521621621621621,0.1858823529411765,0.16334745762711864,38.98,115,Medium Engagement,webinar,True
244,Robert,Adkins,endocrinology,high_value,TERR_12,Nashville,TN,clinic,7.1,False,Mixed,4.0,9.0,2.0,7.0,8.0,2.0,1.0,1.0,6.0,6.0,0.5,0.1111111111111111,0.5,0.8571428571428571,0.75,2025-11-24 17:00:00,2025-10-28 15:00:00,2025-12-25 17:00:00,2025-12-15 08:00:00,2025-12-11 17:00:00,39,66,8,18,22,0.4117647058823529,0.625,0.125,0.7894736842105263,0.8,0.5769230769230769,0.5294117647058824,0.3125,0.25,0.4347826086956522,0.6771008403361344,0.4453947368421053,0.7303846153846154,0.2768790849673203,0.41195652173913044,54.16,1,High Engagement,webinar,True
245,Amy,Morrison,endocrinology,medium_value,TERR_32,Oakland,CA,private_practice,0.5,False,Mixed,4.0,4.0,6.0,9.0,3.0,0.0,0.0,2.0,5.0,1.0,0.0,0.0,0.3333333333333333,0.5555555555555556,0.3333333333333333,2025-03-27 15:00:00,2025-12-30 13:00:00,2025-12-15 11:00:00,2025-11-03 08:00:00,2025-11-24 12:00:00,281,3,18,60,39,0.5294117647058824,0.3333333333333333,0.375,0.625,0.3,0.4347826086956522,0.23529411764705882,0.9090909090909091,0.25,0.09646302250803858,0.5032679738562091,0.4041666666666667,0.3436231884057971,0.2524064171122995,0.09429260450160772,35.25,177,Medium Engagement,rep_visit,True
246,Jeffrey,Robinson,oncology,low_value,TERR_37,Albuquerque,NM,hospital,2.0,False,In-Person-Heavy,7.0,3.0,3.0,2.0,3.0,1.0,1.0,1.0,0.0,2.0,0.14285714285714285,0.3333333333333333,0.3333333333333333,0.0,0.6666666666666666,2025-12-16 12:00:00,2025-10-09 10:00:00,2025-12-29 16:00:00,2025-10-31 10:00:00,2025-11-27 12:00:00,17,85,4,63,36,0.11764705882352941,0.3225806451612903,0.1875,0.8823529411764706,0.3,0.45454545454545453,0.17647058823529413,0.2608695652173913,0.4375,0.6382978723404256,0.09981024667931689,0.3993872549019608,0.5142424242424243,0.2717817561807332,0.33033814589665655,30.3,254,Medium Engagement,webinar,True
247,Ryan,Johnson,primary_care,medium_value,TERR_15,Tucson,AZ,private_practice,1.8,False,Mixed,6.0,3.0,8.0,6.0,0.0,0.0,0.0,0.0,5.0,0.0,0.0,0.0,0.0,0.8333333333333334,0.0,2025-09-25 11:00:00,2025-12-04 10:00:00,2025-11-12 16:00:00,2025-12-24 11:00:00,,99,29,51,9,,0.35294117647058826,0.7692307692307692,0.5,0.37037037037037035,0.0,0.0,0.17647058823529413,0.5084745762711864,0.375,0.23255813953488372,0.676395173453997,0.22407407407407406,0.0,0.15463609172482554,0.15901162790697673,29.48,266,Medium Engagement,rep_visit,True
248,Matthew,Shelton,endocrinology,low_value,TERR_24,Washington,DC,private_practice,0.8,False,Mixed,8.0,5.0,1.0,0.0,2.0,1.0,2.0,0.0,0.0,0.0,0.125,0.4,0.0,0.0,0.0,2025-10-09 10:00:00,2025-10-27 10:00:00,2025-03-27 16:00:00,,2025-12-03 12:00:00,85,67,281,,30,0.0,0.0,0.0625,0.09646302250803858,0.2,0.5,0.29411764705882354,0.30927835051546393,0.5,0.2608695652173913,0.0,0.03804260450160772,0.16,0.3500909642207399,0.26467391304347826,13.18,479,Low Engagement,email,True
249,Richard,Martin,dermatology,high_value,TERR_36,Fresno,CA,private_practice,3.1,False,In-Person-Heavy,8.0,14.0,3.0,3.0,6.0,2.0,6.0,0.0,2.0,1.0,0.25,0.42857142857142855,0.0,0.6666666666666666,0.16666666666666666,2025-12-15 11:00:00,2025-11-24 17:00:00,2025-12-08 11:00:00,2025-12-29 17:00:00,2025-09-03 10:00:00,18,39,25,4,121,0.17647058823529413,0.8823529411764706,0.1875,0.5454545454545454,0.6,0.19867549668874174,0.8235294117647058,0.4347826086956522,0.5,0.625,0.5627450980392157,0.1653409090909091,0.30306843267108163,0.5483010595542565,0.4,40.48,86,High Engagement,rep_visit,True
250,Tanner,Anderson,endocrinology,medium_value,TERR_06,Colorado Springs,CO,hospital,2.0,False,In-Person-Heavy,6.0,8.0,2.0,1.0,2.0,2.0,0.0,0.0,0.0,0.0,0.3333333333333333,0.0,0.0,0.0,0.0,2025-09-29 10:00:00,2025-10-17 14:00:00,2025-05-30 16:00:00,2025-12-03 16:00:00,2025-11-28 11:00:00,95,77,217,30,35,0.058823529411764705,0.5,0.125,0.12145748987854249,0.2,0.46153846153846145,0.47058823529411764,0.2803738317757009,0.375,0.24000000000000005,0.11764705882352941,0.0617914979757085,0.1523076923076923,0.19725123694337549,0.3271666666666667,15.68,467,Low Engagement,digital_ad,True
251,Cindy,Johnson,oncology,medium_value,TERR_18,Virginia Beach,VA,private_practice,0.9,True,Digital-Heavy,0.0,0.0,0.0,7.0,4.0,0.0,0.0,0.0,4.0,0.0,0.0,0.0,0.0,0.5714285714285714,0.0,,,,2025-12-30 14:00:00,2025-08-19 16:00:00,,,,3,136,0.4117647058823529,0.9090909090909091,0.0,0.0,0.4,0.18072289156626506,0.0,0.0,0.0,0.0,0.5910618792971734,0.0,0.156144578313253,0.0,0.0,20.85,412,Medium Engagement,Do Not Contact,False
252,Phillip,Elliott,dermatology,high_value,TERR_08,Kansas City,MO,clinic,1.4,False,Mixed,3.0,13.0,5.0,6.0,6.0,0.0,2.0,0.0,2.0,2.0,0.0,0.15384615384615385,0.0,0.3333333333333333,0.3333333333333333,2025-11-17 10:00:00,2025-12-31 08:00:00,2025-12-08 15:00:00,2025-10-15 16:00:00,2025-11-24 16:00:00,46,2,25,79,39,0.35294117647058826,0.27522935779816515,0.3125,0.5454545454545454,0.6,0.4347826086956522,0.7647058823529411,0.9375,0.1875,0.39473684210526316,0.32759489116747614,0.20284090909090907,0.4336231884057971,0.49383484162895924,0.13519736842105262,31.99,232,Medium Engagement,email,True
253,Anthony,Day,oncology,medium_value,TERR_45,Raleigh,NC,hospital,1.5,False,In-Person-Heavy,13.0,9.0,1.0,1.0,4.0,0.0,2.0,0.0,1.0,2.0,0.0,0.2222222222222222,0.0,1.0,0.5,2025-12-29 08:00:00,2025-09-22 15:00:00,2025-12-17 17:00:00,2025-02-07 08:00:00,2025-12-10 14:00:00,4,102,16,329,23,0.058823529411764705,0.08356545961002786,0.0625,0.6521739130434783,0.4,0.5660377358490566,0.5294117647058824,0.22727272727272727,0.8125,0.8823529411764706,0.534360150745535,0.14918478260869564,0.4832075471698113,0.31538918597742127,0.4202205882352941,39.71,99,Medium Engagement,rep_visit,True
254,Derek,Murray,endocrinology,high_value,TERR_39,Oklahoma City,OK,private_practice,2.4,False,Digital-Heavy,4.0,5.0,8.0,6.0,3.0,0.0,3.0,1.0,4.0,1.0,0.0,0.6,0.125,0.6666666666666666,0.3333333333333333,2025-10-23 13:00:00,2025-12-12 17:00:00,2025-12-17 08:00:00,2025-11-21 14:00:00,2025-11-26 14:00:00,71,21,16,42,37,0.35294117647058826,0.4166666666666667,0.5,0.6521739130434783,0.3,0.44776119402985076,0.29411764705882354,0.5882352941176471,0.25,0.297029702970297,0.5225490196078432,0.34293478260869564,0.3462189054726368,0.5058823529411764,0.13440594059405941,39.06,113,Medium Engagement,rep_visit,True
255,Brent,Gray,endocrinology,low_value,TERR_02,Sacramento,CA,clinic,5.2,False,Mixed,2.0,2.0,4.0,3.0,2.0,0.0,0.0,3.0,1.0,2.0,0.0,0.0,0.75,0.3333333333333333,1.0,2025-11-04 17:00:00,2025-11-24 10:00:00,2025-09-30 12:00:00,2025-11-12 14:00:00,2025-06-27 17:00:00,59,39,94,51,189,0.17647058823529413,0.37037037037037035,0.25,0.24193548387096778,0.2,0.136986301369863,0.11764705882352941,0.4347826086956522,0.125,0.33707865168539325,0.29368191721132897,0.49838709677419357,0.5873972602739727,0.12225063938618927,0.10491573033707866,33.93,197,Medium Engagement,webinar,True
256,Jason,Murphy,dermatology,medium_value,TERR_12,Kansas City,MO,private_practice,2.7,False,In-Person-Heavy,4.0,8.0,6.0,4.0,2.0,1.0,2.0,2.0,4.0,0.0,0.25,0.25,0.3333333333333333,1.0,0.0,2025-12-05 11:00:00,2025-09-17 15:00:00,2025-11-19 08:00:00,2025-11-11 09:00:00,2025-07-18 10:00:00,28,107,44,52,168,0.23529411764705882,0.36585365853658536,0.375,0.4054054054054054,0.2,0.15151515151515152,0.47058823529411764,0.21897810218978103,0.25,0.5172413793103449,0.6437589670014346,0.36024774774774776,0.0903030303030303,0.3099720910261915,0.303448275862069,37.53,134,Medium Engagement,rep_visit,True
257,Kathleen,Gray,dermatology,medium_value,TERR_16,San Jose,CA,private_practice,2.6,False,Digital-Heavy,9.0,11.0,2.0,3.0,3.0,1.0,3.0,1.0,0.0,1.0,0.1111111111111111,0.2727272727272727,0.5,0.0,0.3333333333333333,2025-12-30 17:00:00,2025-12-05 15:00:00,2025-10-31 17:00:00,2025-07-14 14:00:00,2025-10-22 08:00:00,3,28,63,172,72,0.17647058823529413,0.1485148514851485,0.125,0.3225806451612903,0.3,0.29411764705882354,0.6470588235294118,0.5172413793103449,0.5625,0.9090909090909091,0.08264414676761794,0.35201612903225804,0.3154901960784314,0.4339295592845288,0.40612373737373736,28.43,279,Medium Engagement,email,True
258,Karen,Decker,dermatology,low_value,TERR_01,Phoenix,AZ,private_practice,2.0,False,In-Person-Heavy,3.0,4.0,4.0,1.0,1.0,0.0,2.0,1.0,0.0,0.0,0.0,0.5,0.25,0.0,0.0,2026-01-01 17:00:00,2025-12-16 14:00:00,2025-09-04 14:00:00,2025-09-11 11:00:00,2025-01-25 14:00:00,1,17,120,113,342,0.058823529411764705,0.2097902097902098,0.25,0.2,0.1,0.08064516129032258,0.23529411764705882,0.6382978723404256,0.1875,0.9677419354838709,0.05960510078157137,0.24000000000000002,0.046129032258064515,0.44824780976220274,0.24979838709677418,17.98,446,Low Engagement,email,True
259,Johnny,Miller,endocrinology,low_value,TERR_28,Miami,FL,clinic,0.6,False,In-Person-Heavy,4.0,3.0,4.0,6.0,0.0,0.0,0.0,0.0,3.0,0.0,0.0,0.0,0.0,0.5,0.0,2025-12-26 13:00:00,2025-10-31 14:00:00,2025-12-17 15:00:00,2025-12-11 12:00:00,,7,63,16,22,,0.35294117647058826,0.5769230769230769,0.25,0.6521739130434783,0.0,0.0,0.17647058823529413,0.3225806451612903,0.25,0.8108108108108107,0.47126696832579185,0.20543478260869563,0.0,0.1174573055028463,0.23716216216216218,23.57,374,Medium Engagement,rep_visit,True
260,Andrew,Ryan,dermatology,high_value,TERR_49,Arlington,TX,private_practice,0.8,False,Mixed,3.0,4.0,10.0,15.0,2.0,0.0,0.0,4.0,12.0,0.0,0.0,0.0,0.4,0.8,0.0,2026-01-01 17:00:00,2025-07-03 10:00:00,2025-10-16 11:00:00,2025-12-11 15:00:00,2025-09-09 13:00:00,1,183,78,22,115,0.8823529411764706,0.5769230769230769,0.625,0.2777777777777778,0.2,0.2068965517241379,0.23529411764705882,0.14084507042253522,0.1875,0.9677419354838709,0.7800904977375567,0.4430555555555556,0.10137931034482758,0.09875724937862469,0.24979838709677418,39.52,105,Medium Engagement,rep_visit,True
261,Zoe,Bell,endocrinology,low_value,TERR_20,Cleveland,OH,private_practice,2.5,False,Digital-Heavy,4.0,7.0,9.0,5.0,3.0,1.0,0.0,1.0,3.0,0.0,0.25,0.0,0.1111111111111111,0.6,0.0,2025-12-12 15:00:00,2025-12-04 08:00:00,2025-12-29 08:00:00,2025-10-15 08:00:00,2025-09-12 09:00:00,21,29,4,79,112,0.29411764705882354,0.27522935779816515,0.5625,0.8823529411764706,0.3,0.2112676056338028,0.4117647058823529,0.5084745762711864,0.25,0.5882352941176471,0.4432811656772801,0.4007761437908497,0.13225352112676056,0.22522432701894318,0.31764705882352945,32.1,229,Medium Engagement,rep_visit,True
262,Debra,Harrington,oncology,low_value,TERR_26,Louisville,KY,hospital,6.3,True,Mixed,2.0,0.0,0.0,0.0,6.0,0.0,0.0,0.0,0.0,1.0,0.0,0.0,0.0,0.0,0.16666666666666666,2025-11-07 13:00:00,,,,2025-10-03 10:00:00,56,,,,91,0.0,0.0,0.0,0.0,0.6,0.24793388429752067,0.0,0.0,0.125,0.3488372093023256,0.0,0.0,0.31292011019283744,0.0,0.10726744186046511,7.87,498,Low Engagement,Do Not Contact,False
263,Denise,Webster,primary_care,low_value,TERR_49,Columbus,OH,private_practice,2.5,False,In-Person-Heavy,1.0,4.0,2.0,3.0,4.0,0.0,0.0,2.0,0.0,3.0,0.0,0.0,1.0,0.0,0.75,2025-10-13 08:00:00,2025-12-22 12:00:00,2025-06-09 17:00:00,2025-07-22 15:00:00,2025-08-25 15:00:00,81,11,207,164,130,0.17647058823529413,0.15463917525773196,0.125,0.12658227848101264,0.4,0.1875,0.23529411764705882,0.7317073170731707,0.0625,0.27027027027027023,0.08386901152213463,0.5628164556962025,0.5325,0.21692969870875178,0.07280405405405405,28.77,273,Medium Engagement,phone_call,True
264,Stefanie,Gonzalez,endocrinology,high_value,TERR_24,Miami,FL,private_practice,1.6,False,Digital-Heavy,4.0,5.0,7.0,9.0,2.0,1.0,0.0,0.0,1.0,0.0,0.25,0.0,0.0,0.1111111111111111,0.0,2025-10-13 12:00:00,2025-10-06 11:00:00,2025-12-16 08:00:00,2025-11-24 11:00:00,2025-06-18 11:00:00,81,88,17,39,198,0.5294117647058824,0.4347826086956522,0.4375,0.6382978723404256,0.2,0.13157894736842105,0.29411764705882354,0.2542372881355932,0.25,0.27027027027027023,0.3013356067064507,0.25890957446808516,0.0863157894736842,0.1390827517447657,0.25405405405405407,21.84,400,Medium Engagement,rep_visit,True
265,Andrew,Hernandez,oncology,medium_value,TERR_43,Cleveland,OH,hospital,0.5,False,Mixed,6.0,8.0,2.0,0.0,2.0,1.0,1.0,1.0,0.0,0.0,0.16666666666666666,0.125,0.5,0.0,0.0,2025-11-14 09:00:00,2025-12-17 10:00:00,2025-10-06 13:00:00,,2026-01-02 11:00:00,49,16,88,,0,0.0,0.0,0.125,0.2542372881355932,0.2,1.0,0.47058823529411764,0.6521739130434783,0.375,0.379746835443038,0.0,0.3383474576271186,0.26,0.3341112531969309,0.2717827004219409,21.06,408,Medium Engagement,phone_call,True
266,David,Caldwell,endocrinology,low_value,TERR_45,San Francisco,CA,clinic,5.5,False,In-Person-Heavy,3.0,5.0,1.0,1.0,3.0,0.0,0.0,0.0,1.0,1.0,0.0,0.0,0.0,1.0,0.3333333333333333,2025-10-21 15:00:00,2025-11-14 17:00:00,2025-07-17 10:00:00,2025-02-07 12:00:00,2025-03-21 13:00:00,73,49,169,329,287,0.058823529411764705,0.08356545961002786,0.0625,0.1507537688442211,0.3,0.09463722397476342,0.29411764705882354,0.379746835443038,0.1875,0.29126213592233013,0.534360150745535,0.048900753768844216,0.27559411146161933,0.1641846612062547,0.11450242718446602,26.7,317,Medium Engagement,rep_visit,True
267,Anne,Robinson,oncology,high_value,TERR_05,Wichita,KS,hospital,1.9,False,Digital-Heavy,6.0,4.0,12.0,5.0,5.0,0.0,1.0,5.0,2.0,0.0,0.0,0.25,0.4166666666666667,0.4,0.0,2025-12-10 13:00:00,2025-07-15 11:00:00,2025-12-25 10:00:00,2025-12-02 16:00:00,2025-11-18 14:00:00,23,171,8,31,45,0.29411764705882354,0.49180327868852464,0.75,0.7894736842105263,0.5,0.4,0.23529411764705882,0.14925373134328357,0.375,0.5660377358490566,0.386595949855352,0.5912280701754387,0.23,0.22543898156277437,0.2257075471698113,34.79,187,Medium Engagement,phone_call,True
268,Holly,Wang,oncology,medium_value,TERR_43,San Jose,CA,cancer_center,2.7,False,In-Person-Heavy,3.0,3.0,5.0,1.0,3.0,0.0,0.0,1.0,0.0,0.0,0.0,0.0,0.2,0.0,0.0,2025-10-23 12:00:00,2025-04-18 08:00:00,2025-12-25 09:00:00,2025-12-31 14:00:00,2025-10-09 16:00:00,71,259,8,2,85,0.058823529411764705,0.9375,0.3125,0.7894736842105263,0.3,0.2608695652173913,0.17647058823529413,0.10380622837370243,0.1875,0.297029702970297,0.2051470588235294,0.3516447368421053,0.14217391304347826,0.07370242214532872,0.1156559405940594,18.87,435,Low Engagement,phone_call,True
269,Gary,Lawson,oncology,medium_value,TERR_27,San Diego,CA,hospital,1.5,False,Mixed,6.0,6.0,6.0,3.0,5.0,2.0,1.0,1.0,2.0,3.0,0.3333333333333333,0.16666666666666666,0.16666666666666666,0.6666666666666666,0.6,2025-10-17 17:00:00,2025-12-12 10:00:00,2025-11-12 12:00:00,2025-12-19 16:00:00,2025-09-30 08:00:00,77,21,51,14,94,0.17647058823529413,0.6818181818181818,0.375,0.37037037037037035,0.5,0.24193548387096778,0.35294117647058826,0.5882352941176471,0.375,0.2803738317757009,0.5226381461675579,0.2699074074074074,0.4983870967741935,0.30686274509803924,0.33524143302180687,40.68,81,High Engagement,rep_visit,True
270,Julie,Wilson,primary_care,low_value,TERR_19,Milwaukee,WI,clinic,3.6,False,Digital-Heavy,1.0,3.0,11.0,7.0,3.0,0.0,2.0,5.0,4.0,0.0,0.0,0.6666666666666666,0.45454545454545453,0.5714285714285714,0.0,2025-02-15 17:00:00,2025-10-08 17:00:00,2025-12-26 08:00:00,2025-12-11 09:00:00,2025-08-18 11:00:00,321,86,7,22,137,0.4117647058823529,0.5769230769230769,0.6875,0.8108108108108107,0.3,0.17964071856287425,0.17647058823529413,0.25862068965517243,0.0625,0.08547008547008547,0.524628312863607,0.5956848894348894,0.12592814371257485,0.437998647734956,0.03584401709401709,37.28,138,Medium Engagement,phone_call,True
271,Lori,Oconnell,dermatology,medium_value,TERR_06,Dallas,TX,clinic,1.3,False,Digital-Heavy,4.0,5.0,3.0,0.0,2.0,1.0,2.0,0.0,0.0,1.0,0.25,0.4,0.0,0.0,0.5,2025-11-26 11:00:00,2025-11-13 17:00:00,2025-11-17 17:00:00,,2025-12-19 16:00:00,37,50,46,,14,0.0,0.0,0.1875,0.39473684210526316,0.2,0.6818181818181818,0.29411764705882354,0.37499999999999994,0.25,0.44776119402985076,0.0,0.13519736842105262,0.44636363636363635,0.3632352941176471,0.28955223880597014,21.42,405,Medium Engagement,webinar,True
272,Daniel,Johnson,primary_care,low_value,TERR_09,Fort Worth,TX,private_practice,0.8,False,Digital-Heavy,7.0,7.0,3.0,2.0,2.0,0.0,5.0,0.0,1.0,1.0,0.0,0.7142857142857143,0.0,0.5,0.5,2025-12-22 10:00:00,2025-12-30 11:00:00,2025-06-23 11:00:00,2025-11-28 08:00:00,2025-10-16 10:00:00,11,3,193,35,78,0.11764705882352941,0.46153846153846145,0.1875,0.13452914798206278,0.2,0.2777777777777778,0.4117647058823529,0.9090909090909091,0.4375,0.7317073170731707,0.3776018099547511,0.08315582959641254,0.3655555555555556,0.6624904507257449,0.27759146341463414,34.4,189,Medium Engagement,email,True
273,Larry,Byrd,primary_care,medium_value,TERR_13,Raleigh,NC,private_practice,4.2,False,Digital-Heavy,9.0,11.0,6.0,2.0,3.0,2.0,3.0,0.0,0.0,1.0,0.2222222222222222,0.2727272727272727,0.0,0.0,0.3333333333333333,2025-11-12 11:00:00,2025-11-03 13:00:00,2025-10-21 16:00:00,2025-09-10 14:00:00,2025-12-10 16:00:00,51,60,73,114,23,0.11764705882352941,0.20833333333333334,0.375,0.29126213592233013,0.3,0.5660377358490566,0.6470588235294118,0.3333333333333333,0.5625,0.37037037037037035,0.0769607843137255,0.170752427184466,0.369874213836478,0.3971479500891265,0.3539351851851852,24.39,360,Medium Engagement,email,True
274,Susan,Sanders,cardiology,low_value,TERR_07,Oklahoma City,OK,clinic,2.6,False,Mixed,5.0,3.0,4.0,1.0,2.0,0.0,0.0,1.0,0.0,0.0,0.0,0.0,0.25,0.0,0.0,2025-11-04 17:00:00,2025-04-14 17:00:00,2025-12-22 12:00:00,2025-03-14 10:00:00,2025-12-05 11:00:00,59,263,11,294,28,0.058823529411764705,0.09259259259259259,0.25,0.7317073170731707,0.2,0.5172413793103449,0.17647058823529413,0.10238907849829351,0.3125,0.33707865168539325,0.03616557734204793,0.3463414634146341,0.16344827586206898,0.07341899217024694,0.16116573033707865,14.8,470,Low Engagement,phone_call,True
275,Jennifer,Jones,dermatology,medium_value,TERR_29,Oklahoma City,OK,private_practice,5.2,False,In-Person-Heavy,7.0,9.0,9.0,3.0,3.0,0.0,0.0,0.0,2.0,0.0,0.0,0.0,0.0,0.6666666666666666,0.0,2025-11-28 09:00:00,2025-12-12 10:00:00,2025-12-29 14:00:00,2025-12-22 17:00:00,2025-09-29 12:00:00,35,21,4,11,95,0.17647058823529413,0.7317073170731707,0.5625,0.8823529411764706,0.3,0.24000000000000005,0.5294117647058824,0.5882352941176471,0.4375,0.46153846153846145,0.5326159732185557,0.3452205882352941,0.138,0.27647058823529413,0.2235576923076923,33.14,210,Medium Engagement,rep_visit,True
276,Hannah,Burton,primary_care,high_value,TERR_44,Atlanta,GA,private_practice,1.5,False,Digital-Heavy,3.0,7.0,5.0,8.0,2.0,0.0,2.0,2.0,4.0,2.0,0.0,0.2857142857142857,0.4,0.5,1.0,2025-08-12 12:00:00,2025-12-23 17:00:00,2025-12-16 16:00:00,2026-01-01 17:00:00,2025-09-05 08:00:00,143,10,17,1,119,0.47058823529411764,0.9677419354838709,0.3125,0.6382978723404256,0.2,0.20134228187919462,0.4117647058823529,0.75,0.1875,0.17341040462427745,0.5847248576850095,0.42140957446808514,0.6002684563758389,0.41638655462184876,0.0909320809248555,45.59,25,High Engagement,webinar,True
277,Curtis,Barton,oncology,high_value,TERR_09,Chicago,IL,cancer_center,7.0,False,Digital-Heavy,4.0,4.0,6.0,2.0,6.0,0.0,1.0,3.0,0.0,2.0,0.0,0.25,0.5,0.0,0.3333333333333333,2025-08-05 16:00:00,2025-12-17 10:00:00,2025-12-01 08:00:00,2025-09-05 11:00:00,2025-12-12 15:00:00,150,16,32,119,21,0.11764705882352941,0.20134228187919462,0.375,0.48387096774193555,0.6,0.5882352941176471,0.23529411764705882,0.6521739130434783,0.25,0.16666666666666666,0.07556257402289775,0.4592741935483871,0.4643137254901961,0.3260230179028133,0.10833333333333334,27.25,307,Medium Engagement,webinar,True
278,Melissa,Burke,dermatology,high_value,TERR_06,Memphis,TN,hospital,3.8,False,Digital-Heavy,5.0,6.0,10.0,3.0,5.0,0.0,0.0,4.0,2.0,3.0,0.0,0.0,0.4,0.6666666666666666,0.6,2025-12-22 08:00:00,2025-11-28 08:00:00,2025-12-31 17:00:00,2025-11-14 10:00:00,2025-11-04 15:00:00,11,35,2,49,59,0.17647058823529413,0.379746835443038,0.625,0.9375,0.5,0.33707865168539325,0.35294117647058826,0.46153846153846145,0.3125,0.7317073170731707,0.46222387689252914,0.575,0.5174157303370785,0.19819004524886877,0.24009146341463414,42.29,63,High Engagement,phone_call,True
279,David,Riggs,dermatology,high_value,TERR_15,Oakland,CA,hospital,4.7,False,Mixed,9.0,12.0,1.0,2.0,2.0,3.0,1.0,1.0,1.0,2.0,0.3333333333333333,0.08333333333333333,1.0,0.5,1.0,2025-11-25 16:00:00,2025-12-10 16:00:00,2025-11-11 10:00:00,2025-09-02 09:00:00,2025-05-13 09:00:00,38,23,52,122,234,0.11764705882352941,0.19736842105263158,0.0625,0.36585365853658536,0.2,0.11363636363636363,0.7058823529411765,0.5660377358490566,0.5625,0.4411764705882353,0.32476780185758514,0.5919207317073171,0.5827272727272728,0.3666389197188309,0.4236519607843137,45.09,29,High Engagement,phone_call,True
280,Kimberly,Reed,endocrinology,medium_value,TERR_06,Tulsa,OK,clinic,0.5,False,Digital-Heavy,6.0,8.0,2.0,4.0,4.0,0.0,1.0,1.0,1.0,0.0,0.0,0.125,0.5,0.25,0.0,2026-01-01 13:00:00,2025-09-08 10:00:00,2025-09-30 15:00:00,2025-10-27 11:00:00,2025-10-20 16:00:00,1,116,94,67,74,0.23529411764705882,0.30927835051546393,0.125,0.24193548387096778,0.4,0.28846153846153844,0.47058823529411764,0.2054794520547945,0.375,0.9677419354838709,0.2574439053972104,0.33588709677419354,0.17769230769230768,0.2447723609991942,0.3060483870967742,26.26,329,Medium Engagement,phone_call,True
281,Ross,Wood,oncology,medium_value,TERR_16,Wichita,KS,cancer_center,2.4,False,Mixed,5.0,8.0,7.0,1.0,2.0,0.0,3.0,1.0,0.0,2.0,0.0,0.375,0.14285714285714285,0.0,1.0,2025-09-15 08:00:00,2025-11-04 13:00:00,2025-12-23 09:00:00,2025-08-05 11:00:00,2025-11-20 10:00:00,109,59,10,150,43,0.058823529411764705,0.16666666666666666,0.4375,0.75,0.2,0.410958904109589,0.47058823529411764,0.33707865168539325,0.3125,0.21582733812949642,0.050980392156862744,0.35267857142857145,0.6421917808219179,0.39609220092531394,0.1369154676258993,29.42,267,Medium Engagement,webinar,True
282,William,Peterson,dermatology,medium_value,TERR_11,Charlotte,NC,hospital,4.7,False,In-Person-Heavy,2.0,6.0,3.0,10.0,2.0,1.0,1.0,0.0,0.0,1.0,0.5,0.16666666666666666,0.0,0.0,0.5,2025-04-14 14:00:00,2025-11-24 08:00:00,2025-11-03 14:00:00,2025-12-15 08:00:00,2025-09-15 17:00:00,263,39,60,18,109,0.5882352941176471,0.625,0.1875,0.3333333333333333,0.2,0.21582733812949642,0.35294117647058826,0.4347826086956522,0.125,0.10238907849829351,0.30147058823529416,0.12291666666666666,0.3531654676258993,0.27617220801364023,0.30797781569965865,27.33,305,Medium Engagement,webinar,True
283,Melissa,Short,endocrinology,high_value,TERR_48,Tulsa,OK,hospital,2.7,False,Digital-Heavy,6.0,5.0,7.0,6.0,7.0,0.0,1.0,0.0,6.0,2.0,0.0,0.2,0.0,1.0,0.2857142857142857,2025-12-24 17:00:00,2025-11-05 16:00:00,2025-08-13 17:00:00,2025-12-31 12:00:00,2025-11-12 14:00:00,9,58,142,2,51,0.35294117647058826,0.9375,0.4375,0.1744186046511628,0.7,0.37037037037037035,0.29411764705882354,0.3409090909090909,0.375,0.7692307692307692,0.7933823529411764,0.16613372093023257,0.42693121693121694,0.25641711229946523,0.26634615384615384,43.5,46,High Engagement,rep_visit,True
284,Daniel,Yu,cardiology,low_value,TERR_08,San Francisco,CA,clinic,1.4,False,Mixed,4.0,2.0,3.0,1.0,4.0,0.0,0.0,1.0,1.0,2.0,0.0,0.0,0.3333333333333333,1.0,0.5,2025-10-24 12:00:00,2025-06-25 11:00:00,2025-08-05 08:00:00,2025-09-10 10:00:00,2025-09-29 09:00:00,70,191,150,114,95,0.058823529411764705,0.20833333333333334,0.1875,0.16666666666666666,0.4,0.24000000000000005,0.11764705882352941,0.13574660633484165,0.25,0.3,0.5593137254901961,0.25625,0.41800000000000004,0.06244343891402715,0.135,33.23,208,Medium Engagement,rep_visit,True
285,Cynthia,Poole,oncology,high_value,TERR_25,Baltimore,MD,cancer_center,0.7,False,In-Person-Heavy,4.0,6.0,6.0,7.0,7.0,0.0,2.0,0.0,3.0,1.0,0.0,0.3333333333333333,0.0,0.42857142857142855,0.14285714285714285,2025-12-30 11:00:00,2025-12-03 13:00:00,2025-11-27 12:00:00,2025-10-28 16:00:00,2025-12-23 15:00:00,3,30,36,66,10,0.4117647058823529,0.3125,0.375,0.45454545454545453,0.7,0.75,0.35294117647058826,0.5,0.25,0.9090909090909091,0.40031512605042013,0.2034090909090909,0.43142857142857144,0.37254901960784315,0.25681818181818183,34.15,195,Medium Engagement,webinar,True
286,Jasmine,Graham,cardiology,low_value,TERR_39,Fort Worth,TX,private_practice,0.5,False,Mixed,0.0,1.0,5.0,8.0,1.0,0.0,0.0,3.0,8.0,0.0,0.0,0.0,0.6,1.0,0.0,,2025-07-25 12:00:00,2025-12-23 11:00:00,2025-12-02 17:00:00,2025-05-08 16:00:00,,161,10,31,239,0.47058823529411764,0.49180327868852464,0.3125,0.75,0.1,0.11152416356877323,0.058823529411764705,0.15706806282722513,0.0,0.0,0.7395371263259402,0.54375,0.05230483271375465,0.049060671388974436,0.0,34.84,186,Medium Engagement,rep_visit,True
287,Jessica,Sheppard,primary_care,low_value,TERR_07,New York,NY,private_practice,2.8,False,Mixed,2.0,2.0,4.0,3.0,1.0,0.0,0.0,1.0,2.0,0.0,0.0,0.0,0.25,0.6666666666666666,0.0,2025-09-18 09:00:00,2025-12-31 09:00:00,2025-03-27 13:00:00,2025-09-29 10:00:00,2025-11-10 14:00:00,106,2,281,95,53,0.17647058823529413,0.24000000000000005,0.25,0.09646302250803858,0.1,0.3614457831325301,0.11764705882352941,0.9375,0.125,0.22058823529411764,0.43427450980392157,0.21929260450160773,0.10228915662650602,0.2227941176470588,0.08161764705882353,24.03,368,Medium Engagement,rep_visit,True
288,Joseph,Morton,endocrinology,medium_value,TERR_13,El Paso,TX,private_practice,3.6,False,Digital-Heavy,5.0,4.0,5.0,3.0,3.0,3.0,1.0,1.0,0.0,1.0,0.6,0.25,0.2,0.0,0.3333333333333333,2025-12-11 17:00:00,2025-12-23 12:00:00,2025-06-13 09:00:00,2025-11-13 09:00:00,2025-09-22 16:00:00,22,10,203,50,102,0.17647058823529413,0.37499999999999994,0.3125,0.12875536480686695,0.3,0.22727272727272727,0.23529411764705882,0.75,0.3125,0.5769230769230769,0.12794117647058822,0.2195010729613734,0.3021212121212121,0.34558823529411764,0.5091346153846154,27.09,309,Medium Engagement,digital_ad,True
289,Amanda,Webb,dermatology,medium_value,TERR_42,San Diego,CA,hospital,3.5,False,Digital-Heavy,3.0,0.0,8.0,16.0,8.0,1.0,0.0,4.0,14.0,2.0,0.3333333333333333,0.0,0.5,0.875,0.25,2025-06-26 17:00:00,,2025-12-31 11:00:00,2025-12-11 10:00:00,2025-09-16 13:00:00,190,,2,22,108,0.9411764705882353,0.5769230769230769,0.5,0.9375,0.8,0.2173913043478261,0.0,0.0,0.1875,0.13636363636363638,0.835237556561086,0.5875,0.40847826086956524,0.0,0.25018939393939393,48.73,7,High Engagement,rep_visit,True
290,Ryan,Simon,primary_care,low_value,TERR_50,Detroit,MI,private_practice,0.5,False,Mixed,4.0,6.0,8.0,5.0,3.0,0.0,1.0,2.0,0.0,0.0,0.0,0.16666666666666666,0.25,0.0,0.0,2025-11-05 17:00:00,2025-12-15 08:00:00,2025-12-03 09:00:00,2025-11-21 11:00:00,2025-09-22 12:00:00,58,18,30,42,102,0.29411764705882354,0.4166666666666667,0.5,0.5,0.3,0.22727272727272727,0.35294117647058826,0.625,0.25,0.3409090909090909,0.1715686274509804,0.375,0.13545454545454544,0.3142156862745098,0.1431818181818182,22.22,397,Medium Engagement,phone_call,True
291,Joseph,Christian,cardiology,low_value,TERR_10,Tucson,AZ,clinic,3.7,False,Digital-Heavy,1.0,0.0,5.0,6.0,0.0,0.0,0.0,2.0,4.0,0.0,0.0,0.0,0.4,0.6666666666666666,0.0,2025-02-06 16:00:00,,2025-12-29 12:00:00,2025-12-08 12:00:00,,330,,4,25,,0.35294117647058826,0.5454545454545454,0.3125,0.8823529411764706,0.0,0.0,0.0,0.0,0.0625,0.08333333333333333,0.5483065953654189,0.4702205882352941,0.0,0.0,0.035416666666666666,26.38,325,Medium Engagement,rep_visit,True
292,Mariah,Miller,oncology,low_value,TERR_44,Fresno,CA,hospital,3.8,False,Digital-Heavy,0.0,2.0,3.0,5.0,2.0,0.0,0.0,3.0,5.0,2.0,0.0,0.0,1.0,1.0,1.0,,2025-09-10 14:00:00,2025-11-14 10:00:00,2025-10-09 15:00:00,2025-11-19 10:00:00,,114,49,85,44,0.29411764705882354,0.2608695652173913,0.1875,0.379746835443038,0.2,0.4054054054054054,0.11764705882352941,0.20833333333333334,0.0,0.0,0.6404092071611254,0.6321993670886077,0.6410810810810812,0.0769607843137255,0.0,45.83,22,High Engagement,webinar,True
293,Nicole,Sanchez,primary_care,medium_value,TERR_28,San Antonio,TX,private_practice,4.6,False,Digital-Heavy,6.0,7.0,2.0,1.0,3.0,2.0,0.0,1.0,0.0,2.0,0.3333333333333333,0.0,0.5,0.0,0.6666666666666666,2026-01-02 12:00:00,2025-11-20 16:00:00,2025-11-06 12:00:00,2025-08-19 17:00:00,2025-12-25 12:00:00,0,43,57,136,8,0.058823529411764705,0.18072289156626506,0.125,0.3448275862068966,0.3,0.7894736842105263,0.4117647058823529,0.410958904109589,0.375,1.0,0.05379163713678242,0.3564655172413793,0.5812280701754386,0.2057211925866237,0.4791666666666667,30.64,247,Medium Engagement,webinar,True
294,Steven,Bishop,cardiology,low_value,TERR_25,Los Angeles,CA,private_practice,2.6,False,Digital-Heavy,3.0,3.0,2.0,3.0,1.0,1.0,0.0,0.0,1.0,1.0,0.3333333333333333,0.0,0.0,0.3333333333333333,1.0,2025-10-21 13:00:00,2025-06-19 10:00:00,2025-09-23 10:00:00,2025-11-03 13:00:00,2025-01-24 10:00:00,73,197,101,60,343,0.17647058823529413,0.3333333333333333,0.125,0.22900763358778622,0.1,0.08042895442359249,0.17647058823529413,0.13215859030837004,0.1875,0.29126213592233013,0.28627450980392155,0.08330152671755725,0.5460857908847185,0.07937289453226225,0.2811690938511327,26.58,321,Medium Engagement,webinar,True
295,Nicholas,Johnson,cardiology,high_value,TERR_41,Arlington,TX,hospital,0.5,False,Mixed,2.0,3.0,9.0,9.0,5.0,0.0,0.0,4.0,6.0,2.0,0.0,0.0,0.4444444444444444,0.6666666666666666,0.4,2025-10-01 15:00:00,2025-10-15 15:00:00,2025-11-24 15:00:00,2025-12-09 13:00:00,2025-12-23 13:00:00,93,79,39,24,10,0.5294117647058824,0.5555555555555556,0.5625,0.4347826086956522,0.5,0.75,0.17647058823529413,0.27522935779816515,0.125,0.24390243902439027,0.6032679738562091,0.4779287439613526,0.5,0.10798704803022127,0.08628048780487806,40.57,83,High Engagement,rep_visit,True
296,Melissa,White,cardiology,low_value,TERR_19,Houston,TX,clinic,0.6,False,Digital-Heavy,2.0,2.0,6.0,0.0,2.0,0.0,1.0,1.0,0.0,0.0,0.0,0.5,0.16666666666666666,0.0,0.0,2025-09-09 12:00:00,2025-09-15 16:00:00,2025-12-22 17:00:00,,2025-05-26 08:00:00,115,109,11,,221,0.0,0.0,0.375,0.7317073170731707,0.2,0.1195219123505976,0.11764705882352941,0.21582733812949642,0.125,0.2068965517241379,0.0,0.34217479674796747,0.08390438247011953,0.3284595852729581,0.07887931034482759,14.63,472,Low Engagement,phone_call,True
297,Jason,Salinas,oncology,low_value,TERR_37,Tucson,AZ,hospital,0.6,False,In-Person-Heavy,4.0,5.0,2.0,1.0,2.0,1.0,1.0,1.0,0.0,0.0,0.25,0.2,0.5,0.0,0.0,2025-11-04 13:00:00,2025-12-01 13:00:00,2025-06-11 14:00:00,2025-04-04 11:00:00,2025-04-10 10:00:00,59,32,205,273,267,0.058823529411764705,0.09900990099009901,0.125,0.12765957446808512,0.2,0.10101010101010101,0.29411764705882354,0.48387096774193555,0.25,0.33707865168539325,0.03744903902154922,0.313031914893617,0.0802020202020202,0.2850094876660342,0.26741573033707866,17.27,454,Low Engagement,phone_call,True
298,Matthew,Beard,endocrinology,medium_value,TERR_06,Raleigh,NC,private_practice,4.1,False,In-Person-Heavy,1.0,2.0,7.0,11.0,3.0,0.0,0.0,2.0,5.0,1.0,0.0,0.0,0.2857142857142857,0.45454545454545453,0.3333333333333333,2025-11-12 13:00:00,2025-03-11 15:00:00,2025-12-09 10:00:00,2025-12-17 09:00:00,2025-10-07 10:00:00,51,297,24,16,87,0.6470588235294118,0.6521739130434783,0.4375,0.5555555555555556,0.3,0.25641025641025644,0.11764705882352941,0.09174311926605504,0.0625,0.37037037037037035,0.5518251569402465,0.385218253968254,0.3079487179487179,0.05364274150026983,0.09282407407407407,32.62,224,Medium Engagement,rep_visit,True
299,Jacqueline,Hill,endocrinology,medium_value,TERR_32,Boston,MA,private_practice,0.8,False,In-Person-Heavy,2.0,2.0,9.0,7.0,3.0,0.0,0.0,5.0,1.0,0.0,0.0,0.0,0.5555555555555556,0.14285714285714285,0.0,2025-12-31 12:00:00,2025-12-19 14:00:00,2025-12-11 14:00:00,2025-11-05 08:00:00,2025-11-10 12:00:00,2,14,22,58,53,0.4117647058823529,0.3409090909090909,0.5625,0.5769230769230769,0.3,0.3614457831325301,0.11764705882352941,0.6818181818181818,0.125,0.9375,0.26313980137509546,0.5619123931623932,0.162289156626506,0.17165775401069516,0.225,28.33,283,Medium Engagement,phone_call,True
300,Alejandro,Vaughan,oncology,high_value,TERR_03,El Paso,TX,cancer_center,3.1,False,Digital-Heavy,2.0,0.0,9.0,13.0,5.0,0.0,0.0,3.0,9.0,1.0,0.0,0.0,0.3333333333333333,0.6923076923076923,0.2,2025-09-23 12:00:00,,2025-10-13 09:00:00,2025-12-22 14:00:00,2026-01-01 10:00:00,101,,81,11,1,0.7647058823529411,0.7317073170731707,0.5625,0.27027027027027023,0.5,0.9677419354838709,0.0,0.0,0.125,0.22900763358778622,0.7219070742743626,0.3894707207207207,0.4435483870967742,0.0,0.08330152671755725,39.57,104,Medium Engagement,rep_visit,True
301,Christopher,Cortez,oncology,medium_value,TERR_30,San Diego,CA,private_practice,5.3,False,Mixed,2.0,1.0,8.0,8.0,2.0,0.0,0.0,4.0,5.0,0.0,0.0,0.0,0.5,0.625,0.0,2025-06-18 08:00:00,2025-07-17 12:00:00,2025-12-26 14:00:00,2025-12-12 16:00:00,2025-11-07 12:00:00,198,169,7,21,56,0.47058823529411764,0.5882352941176471,0.5,0.8108108108108107,0.2,0.3488372093023256,0.058823529411764705,0.1507537688442211,0.125,0.13157894736842105,0.5713235294117647,0.5621621621621622,0.12976744186046513,0.04779781259237363,0.06381578947368421,32.65,223,Medium Engagement,rep_visit,True
302,Tracy,Chang,endocrinology,low_value,TERR_29,Milwaukee,WI,private_practice,1.5,False,Digital-Heavy,6.0,3.0,5.0,0.0,1.0,1.0,0.0,2.0,0.0,0.0,0.16666666666666666,0.0,0.4,0.0,0.0,2025-10-10 09:00:00,2025-11-04 16:00:00,2025-12-31 15:00:00,,2025-07-11 13:00:00,84,59,2,,175,0.0,0.0,0.3125,0.9375,0.1,0.14634146341463417,0.17647058823529413,0.33707865168539325,0.375,0.2631578947368421,0.0,0.48125,0.05926829268292683,0.12035690680766689,0.24846491228070172,16.34,461,Low Engagement,phone_call,True
303,Hannah,Brewer,primary_care,low_value,TERR_12,Indianapolis,IN,private_practice,4.7,False,Mixed,4.0,7.0,5.0,8.0,1.0,1.0,1.0,3.0,4.0,0.0,0.25,0.14285714285714285,0.6,0.5,0.0,2025-12-15 13:00:00,2025-11-13 16:00:00,2025-12-30 09:00:00,2025-12-08 09:00:00,2025-12-22 08:00:00,18,50,3,25,11,0.47058823529411764,0.5454545454545454,0.3125,0.9090909090909091,0.1,0.7317073170731707,0.4117647058823529,0.37499999999999994,0.25,0.625,0.5002673796791444,0.5755681818181818,0.17634146341463414,0.2699579831932773,0.325,38.97,116,Medium Engagement,phone_call,True
304,Travis,Mcguire,endocrinology,medium_value,TERR_30,Minneapolis,MN,hospital,2.3,False,Mixed,3.0,9.0,8.0,5.0,2.0,0.0,1.0,0.0,2.0,0.0,0.0,0.1111111111111111,0.0,0.4,0.0,2025-11-24 11:00:00,2025-12-23 15:00:00,2025-12-02 08:00:00,2025-08-21 14:00:00,2025-04-15 16:00:00,39,10,31,134,262,0.29411764705882354,0.18292682926829268,0.5,0.49180327868852464,0.2,0.10273972602739727,0.5294117647058824,0.75,0.1875,0.4347826086956522,0.3248206599713056,0.24836065573770494,0.08054794520547945,0.3643790849673203,0.14320652173913045,23.94,371,Medium Engagement,email,True
305,Christopher,Walker,endocrinology,high_value,TERR_01,Baltimore,MD,hospital,6.2,False,In-Person-Heavy,4.0,11.0,2.0,0.0,2.0,1.0,0.0,0.0,0.0,2.0,0.25,0.0,0.0,0.0,1.0,2025-12-22 12:00:00,2025-12-03 11:00:00,2025-08-12 08:00:00,,2025-06-20 17:00:00,11,30,143,,196,0.0,0.0,0.125,0.17341040462427745,0.2,0.13274336283185842,0.6470588235294118,0.5,0.25,0.7317073170731707,0.0,0.0721820809248555,0.5865486725663718,0.29411764705882354,0.3463414634146341,22.78,386,Medium Engagement,webinar,True
306,Heather,Torres,dermatology,low_value,TERR_08,Colorado Springs,CO,private_practice,3.9,True,In-Person-Heavy,2.0,0.0,0.0,1.0,3.0,0.0,0.0,0.0,0.0,1.0,0.0,0.0,0.0,0.0,0.3333333333333333,2025-06-11 14:00:00,,,2025-09-18 14:00:00,2025-08-26 12:00:00,205,,,106,129,0.058823529411764705,0.22058823529411764,0.0,0.0,0.3,0.18867924528301888,0.0,0.0,0.125,0.12765957446808512,0.061764705882352944,0.0,0.2944025157232704,0.0,0.06303191489361702,8.69,495,Low Engagement,Do Not Contact,False
307,Bonnie,Kennedy,primary_care,low_value,TERR_45,Los Angeles,CA,clinic,2.4,False,In-Person-Heavy,3.0,4.0,2.0,2.0,2.0,0.0,0.0,0.0,0.0,2.0,0.0,0.0,0.0,0.0,1.0,2025-06-25 17:00:00,2025-09-02 15:00:00,2025-08-05 11:00:00,2025-11-24 15:00:00,2025-07-21 17:00:00,191,122,150,39,165,0.11764705882352941,0.4347826086956522,0.125,0.16666666666666666,0.2,0.15384615384615385,0.23529411764705882,0.19736842105263158,0.1875,0.13574660633484165,0.12225063938618927,0.07083333333333333,0.5907692307692308,0.11006191950464397,0.08339932126696832,19.8,427,Low Engagement,webinar,True
308,Alyssa,Coleman,primary_care,high_value,TERR_09,New York,NY,private_practice,0.9,False,Digital-Heavy,4.0,2.0,7.0,7.0,6.0,0.0,0.0,0.0,2.0,1.0,0.0,0.0,0.0,0.2857142857142857,0.16666666666666666,2025-07-03 11:00:00,2025-08-06 09:00:00,2025-11-26 10:00:00,2026-01-01 14:00:00,2025-11-06 09:00:00,183,149,37,1,57,0.4117647058823529,0.9677419354838709,0.4375,0.44776119402985076,0.6,0.3448275862068966,0.11764705882352941,0.16759776536312848,0.25,0.14084507042253522,0.4599349417186229,0.22080223880597016,0.33229885057471265,0.06881367071968453,0.10316901408450704,27.44,302,Medium Engagement,rep_visit,True
309,Julie,Rivera,cardiology,high_value,TERR_15,El Paso,TX,clinic,3.5,False,Mixed,12.0,12.0,3.0,5.0,1.0,2.0,4.0,2.0,0.0,1.0,0.16666666666666666,0.3333333333333333,0.6666666666666666,0.0,1.0,2025-11-28 14:00:00,2025-12-30 10:00:00,2025-09-01 09:00:00,2025-12-09 09:00:00,2025-04-25 13:00:00,35,3,123,24,252,0.29411764705882354,0.5555555555555556,0.1875,0.19607843137254904,0.1,0.10638297872340426,0.7058823529411765,0.9090909090909091,0.75,0.46153846153846145,0.19934640522875818,0.4287990196078431,0.5512765957446809,0.5602495543672015,0.4006410256410256,40.0,92,Medium Engagement,email,True
310,Jacqueline,Nelson,endocrinology,low_value,TERR_47,Arlington,TX,hospital,2.0,False,Mixed,1.0,4.0,12.0,5.0,5.0,0.0,1.0,4.0,3.0,2.0,0.0,0.25,0.3333333333333333,0.6,0.4,2025-06-18 10:00:00,2025-10-29 15:00:00,2026-01-02 11:00:00,2025-12-10 14:00:00,2025-07-02 12:00:00,198,65,0,23,184,0.29411764705882354,0.5660377358490566,0.75,1.0,0.5,0.14018691588785046,0.23529411764705882,0.31578947368421056,0.0625,0.13157894736842105,0.5014428412874584,0.5916666666666666,0.3780373831775701,0.25874613003095975,0.04506578947368421,38.99,114,Medium Engagement,phone_call,True
311,John,Martinez,oncology,medium_value,TERR_14,Philadelphia,PA,cancer_center,3.4,False,Digital-Heavy,1.0,7.0,7.0,1.0,3.0,0.0,2.0,2.0,1.0,0.0,0.0,0.2857142857142857,0.2857142857142857,1.0,0.0,2025-07-09 08:00:00,2025-11-14 15:00:00,2025-12-25 11:00:00,2025-06-23 13:00:00,2025-12-16 15:00:00,177,49,8,193,17,0.058823529411764705,0.13452914798206278,0.4375,0.7894736842105263,0.3,0.6382978723404256,0.4117647058823529,0.379746835443038,0.0625,0.14492753623188406,0.544552888419942,0.4320018796992482,0.21765957446808512,0.34233592171045635,0.04773550724637682,35.18,181,Medium Engagement,rep_visit,True
312,James,Wilson,cardiology,high_value,TERR_09,Charlotte,NC,hospital,5.8,False,In-Person-Heavy,2.0,4.0,4.0,8.0,6.0,0.0,0.0,2.0,5.0,1.0,0.0,0.0,0.5,0.625,0.16666666666666666,2025-04-14 11:00:00,2025-12-19 17:00:00,2025-10-03 10:00:00,2025-12-30 11:00:00,2025-11-10 08:00:00,263,14,91,3,53,0.47058823529411764,0.9090909090909091,0.25,0.24793388429752067,0.6,0.3614457831325301,0.23529411764705882,0.6818181818181818,0.125,0.10238907849829351,0.6354946524064171,0.37458677685950414,0.33562248995983934,0.206951871657754,0.0579778156996587,37.24,139,Medium Engagement,rep_visit,True
313,Amanda,Gill,dermatology,high_value,TERR_02,Oklahoma City,OK,private_practice,5.9,False,Mixed,1.0,2.0,16.0,10.0,6.0,0.0,0.0,3.0,8.0,3.0,0.0,0.0,0.1875,0.8,0.5,2025-12-09 15:00:00,2025-08-08 16:00:00,2025-12-22 12:00:00,2025-12-30 11:00:00,2025-10-22 10:00:00,24,147,11,3,72,0.5882352941176471,0.9090909090909091,1.0,0.7317073170731707,0.6,0.29411764705882354,0.11764705882352941,0.1694915254237288,0.0625,0.5555555555555556,0.758288770053476,0.5400914634146341,0.4888235294117647,0.06919242273180459,0.12986111111111112,46.31,18,High Engagement,rep_visit,True
314,Jacob,Robinson,dermatology,medium_value,TERR_14,New York,NY,hospital,1.3,False,Mixed,7.0,11.0,4.0,2.0,4.0,0.0,5.0,0.0,1.0,1.0,0.0,0.45454545454545453,0.0,0.5,0.25,2026-01-01 09:00:00,2025-12-10 11:00:00,2025-11-27 11:00:00,2025-06-16 11:00:00,2025-12-25 13:00:00,1,23,36,200,8,0.11764705882352941,0.13043478260869565,0.25,0.45454545454545453,0.4,0.7894736842105263,0.6470588235294118,0.5660377358490566,0.4375,0.9677419354838709,0.31138107416879796,0.1659090909090909,0.4028947368421053,0.5345979215013621,0.3247983870967742,33.61,202,Medium Engagement,email,True
315,Todd,Hardy,dermatology,high_value,TERR_34,San Diego,CA,private_practice,1.6,False,In-Person-Heavy,10.0,12.0,5.0,1.0,5.0,1.0,1.0,1.0,0.0,2.0,0.1,0.08333333333333333,0.2,0.0,0.4,2025-12-29 10:00:00,2025-12-23 11:00:00,2025-10-17 16:00:00,2025-09-09 13:00:00,2025-07-25 11:00:00,4,10,77,115,161,0.058823529411764705,0.2068965517241379,0.3125,0.2803738317757009,0.5,0.15706806282722513,0.7058823529411765,0.75,0.625,0.8823529411764706,0.059026369168357,0.2498247663551402,0.381413612565445,0.4034313725490196,0.4139705882352941,26.66,320,Medium Engagement,digital_ad,True
316,Tiffany,Warren,dermatology,high_value,TERR_04,Minneapolis,MN,private_practice,6.5,False,In-Person-Heavy,3.0,7.0,6.0,4.0,5.0,0.0,6.0,1.0,2.0,2.0,0.0,0.8571428571428571,0.16666666666666666,0.5,0.4,2025-12-19 10:00:00,2025-12-30 09:00:00,2025-08-26 11:00:00,2025-12-25 17:00:00,2025-11-25 17:00:00,14,3,129,8,38,0.23529411764705882,0.7894736842105263,0.375,0.18867924528301888,0.5,0.4411764705882353,0.4117647058823529,0.9090909090909091,0.1875,0.6818181818181818,0.47848297213622293,0.23356918238993707,0.43823529411764706,0.7339190221543161,0.19261363636363635,41.69,71,High Engagement,email,True
317,Justin,Garcia,endocrinology,medium_value,TERR_20,Seattle,WA,clinic,5.8,False,Digital-Heavy,1.0,6.0,8.0,8.0,3.0,0.0,2.0,4.0,1.0,0.0,0.0,0.3333333333333333,0.5,0.125,0.0,2025-11-11 15:00:00,2026-01-01 09:00:00,2025-12-04 15:00:00,2025-08-29 08:00:00,2025-09-02 11:00:00,52,1,29,126,122,0.47058823529411764,0.1923076923076923,0.5,0.5084745762711864,0.3,0.19736842105263158,0.35294117647058826,0.9677419354838709,0.0625,0.36585365853658536,0.24213800904977376,0.5016949152542374,0.12947368421052632,0.4660974067046173,0.09192073170731707,28.26,289,Medium Engagement,phone_call,True
318,James,Perez,dermatology,low_value,TERR_29,Miami,FL,private_practice,3.0,False,Mixed,0.0,2.0,6.0,8.0,2.0,0.0,0.0,1.0,7.0,1.0,0.0,0.0,0.16666666666666666,0.875,0.5,,2025-11-13 15:00:00,2025-10-30 11:00:00,2025-12-23 08:00:00,2025-07-15 13:00:00,,50,64,10,171,0.47058823529411764,0.75,0.375,0.3191489361702128,0.2,0.14925373134328357,0.11764705882352941,0.37499999999999994,0.0,0.0,0.7286764705882353,0.25966312056737584,0.3398507462686567,0.11029411764705882,0.0,35.5,175,Medium Engagement,rep_visit,True
319,Harry,Smith,oncology,low_value,TERR_11,Cleveland,OH,cancer_center,3.1,True,Digital-Heavy,1.0,0.0,0.0,7.0,2.0,0.0,0.0,0.0,3.0,2.0,0.0,0.0,0.0,0.42857142857142855,1.0,2025-07-07 13:00:00,,,2025-11-21 08:00:00,2025-10-01 12:00:00,179,,,42,93,0.4117647058823529,0.4166666666666667,0.0,0.0,0.2,0.24390243902439027,0.0,0.0,0.0625,0.14354066985645933,0.42114845938375345,0.0,0.6087804878048781,0.0,0.047458133971291866,25.52,345,Medium Engagement,Do Not Contact,False
320,Amanda,Hill,dermatology,medium_value,TERR_23,Denver,CO,clinic,2.7,False,In-Person-Heavy,0.0,1.0,8.0,7.0,2.0,0.0,0.0,4.0,6.0,0.0,0.0,0.0,0.5,0.8571428571428571,0.0,,2025-05-07 13:00:00,2025-07-31 08:00:00,2025-12-23 13:00:00,2025-10-03 17:00:00,,240,155,10,91,0.4117647058823529,0.75,0.5,0.16216216216216214,0.2,0.24793388429752067,0.058823529411764705,0.1111111111111111,0.0,0.0,0.7021008403361344,0.43243243243243246,0.10958677685950413,0.03986928104575163,0.0,32.5,225,Medium Engagement,rep_visit,True
321,Terri,Tran,primary_care,medium_value,TERR_16,San Francisco,CA,private_practice,3.3,False,Digital-Heavy,2.0,7.0,2.0,3.0,5.0,0.0,0.0,1.0,2.0,5.0,0.0,0.0,0.5,0.6666666666666666,1.0,2025-05-28 16:00:00,2025-12-23 10:00:00,2025-12-10 09:00:00,2025-11-06 10:00:00,2025-12-05 15:00:00,219,10,23,57,28,0.17647058823529413,0.3448275862068966,0.125,0.5660377358490566,0.5,0.5172413793103449,0.4117647058823529,0.75,0.125,0.12048192771084336,0.45524002704530087,0.4007075471698113,0.753448275862069,0.2735294117647059,0.061596385542168675,41.77,69,High Engagement,webinar,True
322,Heidi,Martinez,endocrinology,high_value,TERR_40,Indianapolis,IN,clinic,2.3,False,Digital-Heavy,13.0,11.0,2.0,3.0,4.0,0.0,4.0,0.0,0.0,0.0,0.0,0.36363636363636365,0.0,0.0,0.0,2025-12-31 13:00:00,2025-10-08 08:00:00,2025-07-03 14:00:00,2025-09-22 13:00:00,2025-12-24 13:00:00,2,86,183,102,9,0.17647058823529413,0.22727272727272727,0.125,0.14084507042253522,0.4,0.7692307692307692,0.6470588235294118,0.25862068965517243,0.8125,0.9375,0.09839572192513368,0.06566901408450704,0.27384615384615385,0.42765996680803986,0.43125,22.63,391,Medium Engagement,digital_ad,True
323,Miranda,Henry,dermatology,high_value,TERR_39,Cleveland,OH,clinic,3.5,False,In-Person-Heavy,7.0,10.0,8.0,7.0,3.0,0.0,4.0,2.0,4.0,2.0,0.0,0.4,0.25,0.5714285714285714,0.6666666666666666,2025-11-11 13:00:00,2025-11-24 16:00:00,2025-11-06 10:00:00,2025-12-18 17:00:00,2025-09-04 14:00:00,52,39,57,15,120,0.4117647058823529,0.6666666666666666,0.5,0.3448275862068966,0.3,0.2,0.5882352941176471,0.4347826086956522,0.4375,0.36585365853658536,0.5425770308123249,0.34396551724137936,0.4633333333333334,0.46342710997442454,0.20442073170731706,42.44,61,High Engagement,rep_visit,True
324,Monique,Andrews,dermatology,high_value,TERR_35,San Antonio,TX,hospital,6.2,False,Mixed,1.0,2.0,5.0,13.0,5.0,0.0,0.0,2.0,10.0,2.0,0.0,0.0,0.4,0.7692307692307693,0.4,2025-03-18 08:00:00,2025-12-25 14:00:00,2025-10-30 10:00:00,2025-08-12 15:00:00,2025-10-06 11:00:00,290,8,64,143,88,0.7647058823529411,0.17341040462427745,0.3125,0.3191489361702128,0.5,0.2542372881355932,0.11764705882352941,0.7894736842105263,0.0625,0.09375,0.6487092302461225,0.3575797872340426,0.4008474576271186,0.19318885448916412,0.037500000000000006,38.09,125,Medium Engagement,rep_visit,True
325,Taylor,Alexander,cardiology,low_value,TERR_02,Las Vegas,NV,private_practice,1.9,False,Digital-Heavy,2.0,2.0,3.0,1.0,2.0,0.0,0.0,2.0,0.0,1.0,0.0,0.0,0.6666666666666666,0.0,0.5,2026-01-01 16:00:00,2025-08-08 15:00:00,2025-06-27 15:00:00,2025-01-16 15:00:00,2025-11-28 15:00:00,1,147,189,351,35,0.058823529411764705,0.07874015748031496,0.1875,0.136986301369863,0.2,0.46153846153846145,0.11764705882352941,0.1694915254237288,0.125,0.9677419354838709,0.0333950903195924,0.4169805936073059,0.4023076923076923,0.06919242273180459,0.2310483870967742,21.89,399,Medium Engagement,phone_call,True
326,Jack,Williams,dermatology,high_value,TERR_10,Nashville,TN,private_practice,3.9,False,In-Person-Heavy,10.0,9.0,5.0,0.0,2.0,1.0,0.0,0.0,0.0,1.0,0.1,0.0,0.0,0.0,0.5,2026-01-01 16:00:00,2025-09-01 13:00:00,2025-10-30 08:00:00,,2025-10-20 08:00:00,1,123,64,,74,0.0,0.0,0.3125,0.3191489361702128,0.2,0.28846153846153844,0.5294117647058824,0.19607843137254904,0.625,0.9677419354838709,0.0,0.15757978723404256,0.3676923076923077,0.1980392156862745,0.4310483870967742,19.94,425,Low Engagement,digital_ad,True
327,Shelley,Woods,oncology,high_value,TERR_45,Boston,MA,hospital,4.2,False,Digital-Heavy,7.0,6.0,11.0,5.0,6.0,1.0,0.0,2.0,4.0,0.0,0.14285714285714285,0.0,0.18181818181818182,0.8,0.0,2025-12-31 15:00:00,2025-10-01 10:00:00,2025-12-25 10:00:00,2025-12-10 16:00:00,2025-08-14 12:00:00,2,93,8,23,141,0.29411764705882354,0.5660377358490566,0.6875,0.7894736842105263,0.6,0.17543859649122806,0.35294117647058826,0.24390243902439027,0.4375,0.9375,0.6014428412874584,0.4550538277511962,0.2150877192982456,0.15466284074605452,0.39017857142857143,39.62,101,Medium Engagement,rep_visit,True
328,Lynn,Morales,dermatology,medium_value,TERR_36,Indianapolis,IN,hospital,0.8,False,Digital-Heavy,0.0,3.0,2.0,2.0,3.0,0.0,0.0,1.0,1.0,1.0,0.0,0.0,0.5,0.5,0.3333333333333333,,2025-10-02 10:00:00,2025-08-22 12:00:00,2025-05-19 17:00:00,2025-05-26 14:00:00,,92,133,228,221,0.11764705882352941,0.11627906976744186,0.125,0.18404907975460122,0.3,0.1195219123505976,0.17647058823529413,0.24590163934426232,0.0,0.0,0.30854993160054717,0.32430981595092023,0.28057104913678615,0.1021215043394407,0.0,22.89,383,Medium Engagement,phone_call,True
329,Charles,Soto,cardiology,high_value,TERR_26,Houston,TX,private_practice,0.5,False,In-Person-Heavy,4.0,9.0,4.0,9.0,5.0,0.0,2.0,0.0,5.0,2.0,0.0,0.2222222222222222,0.0,0.5555555555555556,0.4,2025-07-28 14:00:00,2025-12-18 14:00:00,2025-11-26 15:00:00,2025-12-30 14:00:00,2025-12-08 13:00:00,158,15,37,3,25,0.5294117647058824,0.9090909090909091,0.25,0.44776119402985076,0.5,0.5454545454545454,0.5294117647058824,0.6666666666666666,0.25,0.1595744680851064,0.6184194890077244,0.16455223880597014,0.45909090909090905,0.40326797385620916,0.10691489361702128,38.68,119,Medium Engagement,rep_visit,True
330,Brian,Hernandez,oncology,medium_value,TERR_40,Sacramento,CA,hospital,1.2,False,In-Person-Heavy,2.0,2.0,6.0,13.0,5.0,0.0,0.0,0.0,2.0,0.0,0.0,0.0,0.0,0.15384615384615385,0.0,2025-06-23 08:00:00,2025-11-21 17:00:00,2026-01-01 12:00:00,2025-12-19 15:00:00,2025-12-25 11:00:00,193,42,1,14,8,0.7647058823529411,0.6818181818181818,0.375,0.9677419354838709,0.5,0.7894736842105263,0.11764705882352941,0.4166666666666667,0.125,0.13452914798206278,0.4426984779925956,0.3060483870967742,0.3078947368421053,0.11862745098039217,0.06440582959641256,28.31,285,Medium Engagement,rep_visit,True
331,Anna,Torres,primary_care,high_value,TERR_49,Raleigh,NC,clinic,1.6,False,Digital-Heavy,7.0,8.0,9.0,4.0,6.0,0.0,2.0,2.0,2.0,2.0,0.0,0.25,0.2222222222222222,0.5,0.3333333333333333,2025-11-12 16:00:00,2025-12-30 11:00:00,2025-12-26 11:00:00,2025-10-01 08:00:00,2025-11-20 12:00:00,51,3,7,93,43,0.23529411764705882,0.24390243902439027,0.5625,0.8108108108108107,0.6,0.410958904109589,0.47058823529411764,0.9090909090909091,0.4375,0.37037037037037035,0.36936872309899565,0.4420232732732733,0.4288584474885845,0.4479946524064171,0.20532407407407408,38.3,123,Medium Engagement,email,True
332,Victoria,Wilson,primary_care,medium_value,TERR_02,New Orleans,LA,clinic,1.1,False,Digital-Heavy,3.0,4.0,1.0,2.0,3.0,2.0,0.0,0.0,0.0,0.0,0.6666666666666666,0.0,0.0,0.0,0.0,2025-11-14 11:00:00,2025-10-29 13:00:00,2025-04-28 10:00:00,2025-08-20 08:00:00,2025-10-07 15:00:00,49,65,249,135,87,0.11764705882352941,0.18181818181818182,0.0625,0.1075268817204301,0.3,0.25641025641025644,0.23529411764705882,0.31578947368421056,0.1875,0.379746835443038,0.07165775401069518,0.04025537634408602,0.1412820512820513,0.13374613003095975,0.4655327004219409,14.77,471,Low Engagement,digital_ad,True
333,Kathy,Obrien,dermatology,low_value,TERR_28,Austin,TX,private_practice,1.8,False,Digital-Heavy,0.0,0.0,6.0,4.0,1.0,0.0,0.0,2.0,4.0,0.0,0.0,0.0,0.3333333333333333,1.0,0.0,,,2025-12-11 15:00:00,2025-10-09 09:00:00,2025-10-15 15:00:00,,,22,85,79,0.23529411764705882,0.2608695652173913,0.375,0.5769230769230769,0.1,0.27522935779816515,0.0,0.0,0.0,0.0,0.6227621483375959,0.39455128205128204,0.08504587155963303,0.0,0.0,28.27,287,Medium Engagement,rep_visit,True
334,Krystal,Perez,oncology,high_value,TERR_49,Charlotte,NC,hospital,1.7,False,Digital-Heavy,2.0,1.0,10.0,7.0,7.0,0.0,0.0,7.0,4.0,0.0,0.0,0.0,0.7,0.5714285714285714,0.0,2025-11-10 14:00:00,2025-12-23 17:00:00,2025-12-15 12:00:00,2025-11-18 11:00:00,2025-12-29 08:00:00,53,10,18,45,4,0.4117647058823529,0.4,0.625,0.625,0.7,0.8823529411764706,0.058823529411764705,0.75,0.125,0.3614457831325301,0.4892436974789916,0.6625,0.3864705882352941,0.16764705882352943,0.10978915662650601,39.82,97,Medium Engagement,phone_call,True
335,Alexandra,Hayes,primary_care,high_value,TERR_01,Nashville,TN,private_practice,3.5,False,Mixed,0.0,4.0,10.0,10.0,3.0,0.0,2.0,1.0,7.0,2.0,0.0,0.5,0.1,0.7,0.6666666666666666,,2025-12-17 09:00:00,2025-12-31 10:00:00,2025-12-09 12:00:00,2025-11-07 15:00:00,,16,2,24,56,0.5882352941176471,0.5555555555555556,0.625,0.9375,0.3,0.3488372093023256,0.23529411764705882,0.6521739130434783,0.0,0.0,0.6375816993464053,0.425,0.49310077519379847,0.4510230179028133,0.0,44.25,42,High Engagement,rep_visit,True
336,Scott,Dalton,dermatology,low_value,TERR_23,Miami,FL,private_practice,3.1,False,Mixed,2.0,2.0,6.0,5.0,2.0,0.0,1.0,1.0,1.0,1.0,0.0,0.5,0.16666666666666666,0.2,0.5,2025-10-29 08:00:00,2025-08-12 15:00:00,2025-12-15 15:00:00,2025-12-05 10:00:00,2025-07-01 12:00:00,65,143,18,28,185,0.29411764705882354,0.5172413793103449,0.375,0.625,0.2,0.13953488372093023,0.11764705882352941,0.17341040462427745,0.125,0.31578947368421056,0.291683569979716,0.3208333333333333,0.337906976744186,0.3199761985719143,0.10065789473684211,28.23,290,Medium Engagement,webinar,True
337,Veronica,Torres,primary_care,medium_value,TERR_46,Kansas City,MO,private_practice,2.9,False,Digital-Heavy,6.0,6.0,3.0,2.0,8.0,0.0,1.0,0.0,1.0,0.0,0.0,0.16666666666666666,0.0,0.5,0.0,2025-11-21 15:00:00,2025-10-01 11:00:00,2025-09-11 14:00:00,2025-12-24 08:00:00,2025-12-10 13:00:00,42,93,113,9,23,0.11764705882352941,0.7692307692307692,0.1875,0.2097902097902098,0.8,0.5660377358490566,0.35294117647058826,0.24390243902439027,0.375,0.4166666666666667,0.43914027149321266,0.09820804195804195,0.3532075471698113,0.23799617407938786,0.19583333333333333,28.71,275,Medium Engagement,rep_visit,True
338,Christine,Lynch,cardiology,medium_value,TERR_28,Miami,FL,clinic,2.2,False,In-Person-Heavy,12.0,5.0,5.0,0.0,5.0,2.0,2.0,1.0,0.0,0.0,0.16666666666666666,0.4,0.2,0.0,0.0,2026-01-02 12:00:00,2025-11-21 14:00:00,2025-12-16 11:00:00,,2025-12-12 08:00:00,0,42,17,,21,0.0,0.0,0.3125,0.6382978723404256,0.5,0.5882352941176471,0.29411764705882354,0.4166666666666667,0.75,1.0,0.0,0.32140957446808516,0.2676470588235294,0.3715686274509804,0.5083333333333333,24.98,348,Medium Engagement,digital_ad,True
339,Jody,Meza,oncology,high_value,TERR_38,Wichita,KS,hospital,1.6,False,Mixed,5.0,10.0,4.0,5.0,4.0,1.0,1.0,0.0,2.0,1.0,0.2,0.1,0.0,0.4,0.25,2025-11-13 14:00:00,2025-12-15 17:00:00,2025-08-07 08:00:00,2025-06-24 17:00:00,2025-09-16 17:00:00,50,18,148,192,108,0.29411764705882354,0.13513513513513511,0.25,0.16853932584269662,0.4,0.2173913043478261,0.5882352941176471,0.625,0.3125,0.37499999999999994,0.3152623211446741,0.10870786516853932,0.28847826086956524,0.35147058823529415,0.26875,26.7,317,Medium Engagement,email,True
340,Jared,Clark,endocrinology,high_value,TERR_40,Oklahoma City,OK,hospital,1.9,False,Digital-Heavy,0.0,1.0,4.0,12.0,2.0,0.0,0.0,0.0,8.0,1.0,0.0,0.0,0.0,0.6666666666666666,0.5,,2025-02-21 10:00:00,2025-10-08 08:00:00,2026-01-01 10:00:00,2025-08-01 16:00:00,,315,86,1,154,0.7058823529411765,0.9677419354838709,0.25,0.25862068965517243,0.2,0.16304347826086957,0.058823529411764705,0.08695652173913043,0.0,0.0,0.7386464263124604,0.1267241379310345,0.3426086956521739,0.0350383631713555,0.0,32.07,231,Medium Engagement,rep_visit,True
341,Donna,Moore,primary_care,high_value,TERR_14,Raleigh,NC,private_practice,3.2,False,Mixed,2.0,12.0,4.0,3.0,5.0,0.0,0.0,1.0,1.0,0.0,0.0,0.0,0.25,0.3333333333333333,0.0,2025-05-15 09:00:00,2025-12-11 08:00:00,2025-12-23 11:00:00,2025-10-23 10:00:00,2025-11-26 15:00:00,232,22,10,71,37,0.17647058823529413,0.297029702970297,0.25,0.75,0.5,0.44776119402985076,0.7058823529411765,0.5769230769230769,0.125,0.11450381679389311,0.2790137837313143,0.35000000000000003,0.23955223880597015,0.32714932126696833,0.06040076335877862,25.97,332,Medium Engagement,phone_call,True
342,Glenn,Jones,primary_care,high_value,TERR_50,San Jose,CA,hospital,1.4,False,Mixed,8.0,5.0,8.0,6.0,2.0,3.0,0.0,1.0,1.0,1.0,0.375,0.0,0.125,0.16666666666666666,0.5,2025-12-24 17:00:00,2025-12-17 14:00:00,2025-12-30 11:00:00,2025-11-18 12:00:00,2025-09-30 13:00:00,9,16,3,45,94,0.35294117647058826,0.4,0.5,0.9090909090909091,0.2,0.24193548387096778,0.29411764705882354,0.6521739130434783,0.5,0.7692307692307692,0.2692156862745098,0.3943181818181818,0.35838709677419356,0.2186700767263427,0.4913461538461539,33.78,199,Medium Engagement,digital_ad,True
343,Aaron,Hayes,dermatology,high_value,TERR_32,Milwaukee,WI,private_practice,2.7,False,Digital-Heavy,2.0,4.0,8.0,13.0,3.0,0.0,1.0,5.0,3.0,1.0,0.0,0.25,0.625,0.23076923076923078,0.3333333333333333,2025-04-01 12:00:00,2025-09-02 13:00:00,2025-12-18 13:00:00,2025-12-31 13:00:00,2025-10-16 10:00:00,276,122,15,2,78,0.7647058823529411,0.9375,0.5,0.6666666666666666,0.3,0.2777777777777778,0.23529411764705882,0.19736842105263158,0.125,0.09803921568627452,0.5322963800904977,0.5958333333333333,0.31222222222222223,0.23506191950464397,0.05710784313725491,38.51,121,Medium Engagement,phone_call,True
344,Brittney,Carter,endocrinology,low_value,TERR_17,Virginia Beach,VA,private_practice,2.5,False,Digital-Heavy,1.0,4.0,7.0,3.0,6.0,0.0,0.0,1.0,2.0,0.0,0.0,0.0,0.14285714285714285,0.6666666666666666,0.0,2025-10-10 13:00:00,2025-11-07 13:00:00,2025-12-08 15:00:00,2025-09-04 08:00:00,2025-12-26 17:00:00,84,56,25,120,7,0.17647058823529413,0.2,0.4375,0.5454545454545454,0.6,0.8108108108108107,0.23529411764705882,0.3488372093023256,0.0625,0.2631578947368421,0.42627450980392156,0.3117694805194805,0.34216216216216216,0.14035567715458275,0.07138157894736842,29.04,271,Medium Engagement,rep_visit,True
345,Jesse,Mann,oncology,medium_value,TERR_25,Cleveland,OH,hospital,0.5,False,Mixed,6.0,11.0,8.0,3.0,1.0,0.0,1.0,1.0,2.0,1.0,0.0,0.09090909090909091,0.125,0.6666666666666666,1.0,2025-11-11 14:00:00,2025-12-22 13:00:00,2025-11-28 10:00:00,2026-01-01 08:00:00,2025-12-10 12:00:00,52,11,35,1,23,0.17647058823529413,0.9677419354838709,0.5,0.46153846153846145,0.1,0.5660377358490566,0.6470588235294118,0.7317073170731707,0.375,0.36585365853658536,0.5798228969006958,0.3048076923076923,0.6432075471698113,0.3859136559280031,0.18567073170731707,44.93,31,High Engagement,webinar,True
346,Jacqueline,Gibson,endocrinology,medium_value,TERR_32,Tulsa,OK,private_practice,0.6,False,In-Person-Heavy,2.0,3.0,5.0,1.0,7.0,0.0,2.0,2.0,1.0,2.0,0.0,0.6666666666666666,0.4,1.0,0.2857142857142857,2025-08-15 12:00:00,2025-10-28 16:00:00,2025-11-13 17:00:00,2025-06-06 16:00:00,2025-12-29 15:00:00,140,66,50,210,4,0.058823529411764705,0.125,0.3125,0.37499999999999994,0.7,0.8823529411764706,0.17647058823529413,0.3125,0.125,0.1764705882352941,0.5426470588235295,0.36875,0.529327731092437,0.44877450980392153,0.07279411764705881,42.06,67,High Engagement,rep_visit,True
347,Grace,Bradshaw,primary_care,low_value,TERR_49,Jacksonville,FL,clinic,3.3,False,Digital-Heavy,4.0,2.0,5.0,3.0,0.0,2.0,0.0,1.0,3.0,0.0,0.5,0.0,0.2,1.0,0.0,2025-09-12 10:00:00,2025-06-10 16:00:00,2025-09-29 17:00:00,2025-12-12 13:00:00,,112,206,95,21,,0.17647058823529413,0.5882352941176471,0.3125,0.24000000000000005,0.0,0.0,0.11764705882352941,0.1271186440677966,0.25,0.2112676056338028,0.6705882352941177,0.24175000000000002,0.0,0.06071784646061815,0.3672535211267606,31.37,240,Medium Engagement,rep_visit,True
348,Kristin,Weber,primary_care,low_value,TERR_21,San Diego,CA,private_practice,3.2,True,Digital-Heavy,2.0,0.0,0.0,6.0,1.0,0.0,0.0,0.0,5.0,1.0,0.0,0.0,0.0,0.8333333333333334,1.0,2025-11-03 08:00:00,,,2025-09-22 14:00:00,2025-04-03 08:00:00,60,,,102,274,0.35294117647058826,0.22727272727272727,0.0,0.0,0.1,0.09868421052631579,0.0,0.0,0.125,0.3333333333333333,0.5680035650623886,0.0,0.5497368421052632,0.0,0.10416666666666666,29.6,264,Medium Engagement,Do Not Contact,False
349,Donna,Peck,endocrinology,medium_value,TERR_28,Louisville,KY,private_practice,1.6,False,In-Person-Heavy,2.0,3.0,2.0,2.0,2.0,0.0,0.0,2.0,1.0,1.0,0.0,0.0,1.0,0.5,0.5,2025-07-18 08:00:00,2025-09-10 08:00:00,2025-12-24 12:00:00,2025-12-30 16:00:00,2025-12-01 13:00:00,168,114,9,3,32,0.11764705882352941,0.9090909090909091,0.125,0.7692307692307692,0.2,0.48387096774193555,0.17647058823529413,0.20833333333333334,0.125,0.15151515151515152,0.46711229946524063,0.6913461538461538,0.4067741935483871,0.0946078431372549,0.06780303030303031,38.41,122,Medium Engagement,phone_call,True
350,Ronald,Stephens,dermatology,low_value,TERR_15,Las Vegas,NV,private_practice,6.3,False,In-Person-Heavy,5.0,3.0,3.0,5.0,0.0,0.0,1.0,0.0,3.0,0.0,0.0,0.3333333333333333,0.0,0.6,0.0,2026-01-02 13:00:00,2025-12-08 12:00:00,2025-09-12 15:00:00,2025-12-19 14:00:00,,0,25,112,14,,0.29411764705882354,0.6818181818181818,0.1875,0.2112676056338028,0.0,0.0,0.17647058823529413,0.5454545454545454,0.3125,1.0,0.5245989304812835,0.09850352112676056,0.0,0.32869875222816397,0.29375,27.04,312,Medium Engagement,rep_visit,True
351,Deborah,Kerr,oncology,high_value,TERR_43,Mesa,AZ,hospital,3.5,False,Mixed,6.0,12.0,6.0,7.0,4.0,1.0,0.0,2.0,5.0,2.0,0.16666666666666666,0.0,0.3333333333333333,0.7142857142857143,0.5,2025-09-04 10:00:00,2025-11-24 16:00:00,2025-12-12 08:00:00,2025-12-24 14:00:00,2025-09-17 14:00:00,120,39,21,9,107,0.4117647058823529,0.7692307692307692,0.375,0.5882352941176471,0.4,0.21897810218978103,0.7058823529411765,0.4347826086956522,0.375,0.2,0.6345184227537168,0.3968137254901961,0.4137956204379562,0.2987212276214834,0.2358333333333333,43.27,48,High Engagement,rep_visit,True
352,Margaret,Jones,dermatology,medium_value,TERR_19,Nashville,TN,clinic,3.9,False,Mixed,7.0,6.0,5.0,1.0,6.0,1.0,0.0,1.0,1.0,3.0,0.14285714285714285,0.0,0.2,1.0,0.5,2025-10-09 10:00:00,2025-11-03 09:00:00,2025-12-10 16:00:00,2025-06-03 13:00:00,2025-12-22 13:00:00,85,60,23,213,11,0.058823529411764705,0.1234567901234568,0.3125,0.5660377358490566,0.6,0.7317073170731707,0.35294117647058826,0.3333333333333333,0.4375,0.2608695652173913,0.5423384168482208,0.30695754716981133,0.5763414634146341,0.17254901960784313,0.25485248447204967,40.35,89,High Engagement,webinar,True
353,Gabriel,Parker,dermatology,medium_value,TERR_08,Omaha,NE,private_practice,2.5,False,Digital-Heavy,4.0,6.0,7.0,5.0,6.0,0.0,0.0,0.0,1.0,3.0,0.0,0.0,0.0,0.2,0.5,2025-10-02 17:00:00,2025-12-22 16:00:00,2025-11-18 17:00:00,2025-10-24 15:00:00,2025-12-12 17:00:00,92,11,45,70,21,0.29411764705882354,0.3,0.4375,0.4,0.6,0.5882352941176471,0.35294117647058826,0.7317073170731707,0.25,0.24590163934426232,0.24823529411764705,0.21125000000000002,0.5476470588235294,0.2522238163558106,0.12418032786885247,28.27,287,Medium Engagement,webinar,True
354,Kaitlyn,Carroll,oncology,medium_value,TERR_05,Chicago,IL,hospital,4.3,False,In-Person-Heavy,3.0,0.0,7.0,6.0,2.0,0.0,0.0,3.0,5.0,1.0,0.0,0.0,0.42857142857142855,0.8333333333333334,0.5,2025-12-31 15:00:00,,2025-07-14 14:00:00,2025-11-26 12:00:00,2025-07-29 16:00:00,2,,172,37,157,0.35294117647058826,0.44776119402985076,0.4375,0.1485148514851485,0.2,0.16042780748663102,0.0,0.0,0.1875,0.9375,0.6121012584138134,0.375238684582744,0.3420855614973262,0.0,0.24375,36.37,166,Medium Engagement,rep_visit,True
355,Keith,Martinez,primary_care,low_value,TERR_25,San Jose,CA,private_practice,5.2,False,In-Person-Heavy,0.0,2.0,6.0,12.0,5.0,0.0,0.0,4.0,10.0,3.0,0.0,0.0,0.6666666666666666,0.8333333333333334,0.6,,2025-06-03 09:00:00,2025-11-14 11:00:00,2026-01-02 08:00:00,2025-07-21 10:00:00,,213,49,0,165,0.7058823529411765,1.0,0.375,0.379746835443038,0.5,0.15384615384615385,0.11764705882352941,0.1234567901234568,0.0,0.0,0.8284313725490196,0.5217827004219409,0.4807692307692307,0.05998547567175018,0.0,45.8,23,High Engagement,rep_visit,True
356,Haley,Lyons,dermatology,medium_value,TERR_27,Los Angeles,CA,clinic,4.0,False,In-Person-Heavy,2.0,3.0,6.0,6.0,2.0,0.0,1.0,0.0,2.0,0.0,0.0,0.3333333333333333,0.0,0.3333333333333333,0.0,2025-12-04 17:00:00,2025-12-29 10:00:00,2025-10-31 13:00:00,2025-12-12 13:00:00,2025-06-05 09:00:00,29,4,63,21,211,0.35294117647058826,0.5882352941176471,0.375,0.3225806451612903,0.2,0.12448132780082988,0.17647058823529413,0.8823529411764706,0.125,0.5084745762711864,0.39019607843137255,0.17701612903225805,0.08489626556016597,0.39607843137254906,0.1391949152542373,24.97,349,Medium Engagement,email,True
357,Sherri,Mason,primary_care,low_value,TERR_12,Indianapolis,IN,private_practice,4.6,False,Digital-Heavy,0.0,2.0,9.0,5.0,2.0,0.0,0.0,3.0,2.0,0.0,0.0,0.0,0.3333333333333333,0.4,0.0,,2025-08-29 10:00:00,2025-09-29 09:00:00,2025-12-09 12:00:00,2025-11-13 11:00:00,,126,95,24,50,0.29411764705882354,0.5555555555555556,0.5625,0.24000000000000005,0.2,0.37499999999999994,0.11764705882352941,0.1923076923076923,0.0,0.0,0.3993464052287582,0.38341666666666663,0.135,0.07375565610859729,0.0,23.46,378,Medium Engagement,rep_visit,True
358,Troy,Miller,primary_care,low_value,TERR_11,San Francisco,CA,hospital,2.9,False,Mixed,2.0,4.0,4.0,0.0,1.0,0.0,1.0,2.0,0.0,0.0,0.0,0.25,0.5,0.0,0.0,2025-02-18 16:00:00,2025-11-19 08:00:00,2025-07-15 12:00:00,,2025-02-06 09:00:00,318,44,171,,330,0.0,0.0,0.25,0.14925373134328357,0.1,0.08333333333333333,0.23529411764705882,0.4054054054054054,0.125,0.08620689655172414,0.0,0.3548507462686567,0.04666666666666666,0.27666931637519876,0.054741379310344826,13.0,481,Low Engagement,phone_call,True
359,Bill,Reynolds,cardiology,medium_value,TERR_47,Houston,TX,clinic,1.2,False,Mixed,6.0,10.0,6.0,0.0,3.0,1.0,2.0,0.0,0.0,1.0,0.16666666666666666,0.2,0.0,0.0,0.3333333333333333,2025-12-03 11:00:00,2025-12-22 13:00:00,2025-09-17 10:00:00,,2025-11-20 08:00:00,30,11,107,,43,0.0,0.0,0.375,0.21897810218978103,0.3,0.410958904109589,0.5882352941176471,0.7317073170731707,0.375,0.5,0.0,0.1562956204379562,0.33885844748858446,0.4228120516499283,0.2958333333333333,20.68,414,Medium Engagement,email,True
360,Marcus,Wright,endocrinology,high_value,TERR_26,Mesa,AZ,clinic,2.8,False,In-Person-Heavy,4.0,3.0,4.0,5.0,3.0,0.0,1.0,2.0,4.0,3.0,0.0,0.3333333333333333,0.5,0.8,1.0,2025-12-17 11:00:00,2025-11-03 11:00:00,2025-07-25 09:00:00,2026-01-01 11:00:00,2025-10-21 10:00:00,16,60,161,1,73,0.29411764705882354,0.9677419354838709,0.25,0.15706806282722513,0.3,0.29126213592233013,0.17647058823529413,0.3333333333333333,0.25,0.6521739130434783,0.6817836812144213,0.356413612565445,0.648252427184466,0.28627450980392155,0.20543478260869563,47.92,11,High Engagement,rep_visit,True
361,Christopher,Hayden,dermatology,high_value,TERR_17,San Antonio,TX,private_practice,3.7,False,In-Person-Heavy,10.0,7.0,6.0,6.0,6.0,0.0,1.0,2.0,4.0,3.0,0.0,0.14285714285714285,0.3333333333333333,0.6666666666666666,0.5,2025-12-01 15:00:00,2025-12-09 15:00:00,2025-12-29 09:00:00,2025-08-18 10:00:00,2025-11-14 14:00:00,32,24,4,137,49,0.35294117647058826,0.17964071856287425,0.375,0.8823529411764706,0.6,0.379746835443038,0.4117647058823529,0.5555555555555556,0.625,0.48387096774193555,0.47514382998708465,0.45563725490196083,0.5059493670886076,0.3060690943043884,0.2842741935483871,42.34,62,High Engagement,webinar,True
362,Mary,Johnston,endocrinology,high_value,TERR_37,San Francisco,CA,clinic,0.5,False,Digital-Heavy,5.0,8.0,7.0,7.0,8.0,0.0,1.0,0.0,6.0,4.0,0.0,0.125,0.0,0.8571428571428571,0.5,2025-09-24 12:00:00,2025-11-10 15:00:00,2025-12-22 10:00:00,2025-12-15 08:00:00,2025-10-20 14:00:00,100,53,11,18,74,0.4117647058823529,0.625,0.4375,0.7317073170731707,0.8,0.28846153846153844,0.47058823529411764,0.3614457831325301,0.3125,0.23076923076923073,0.6771008403361344,0.27759146341463414,0.5476923076923077,0.2759656272147413,0.13990384615384616,43.06,51,High Engagement,rep_visit,True
363,Stephanie,Key,oncology,high_value,TERR_18,Denver,CO,cancer_center,5.2,False,In-Person-Heavy,9.0,8.0,5.0,11.0,2.0,0.0,1.0,3.0,5.0,0.0,0.0,0.125,0.6,0.45454545454545453,0.0,2025-11-05 08:00:00,2025-12-16 09:00:00,2025-10-09 13:00:00,2025-12-23 16:00:00,2025-12-29 10:00:00,58,17,85,10,4,0.6470588235294118,0.75,0.3125,0.2608695652173913,0.2,0.8823529411764706,0.47058823529411764,0.6382978723404256,0.5625,0.3409090909090909,0.5713903743315508,0.4459239130434782,0.23647058823529413,0.3313360450563204,0.23693181818181816,39.31,110,Medium Engagement,rep_visit,True
364,Emily,Adams,endocrinology,high_value,TERR_46,Denver,CO,hospital,4.2,False,In-Person-Heavy,5.0,10.0,6.0,2.0,6.0,1.0,5.0,2.0,1.0,4.0,0.2,0.5,0.3333333333333333,0.5,0.6666666666666666,2025-09-29 15:00:00,2025-10-06 12:00:00,2026-01-02 12:00:00,2025-11-19 08:00:00,2025-12-26 13:00:00,95,88,0,44,7,0.11764705882352941,0.4054054054054054,0.375,1.0,0.6,0.8108108108108107,0.5882352941176471,0.2542372881355932,0.3125,0.24000000000000005,0.3663751987281399,0.4791666666666667,0.6754954954954955,0.4773180458624128,0.24175000000000002,44.87,32,High Engagement,webinar,True
365,Billy,Avila,dermatology,high_value,TERR_19,New Orleans,LA,clinic,1.6,False,In-Person-Heavy,7.0,9.0,4.0,2.0,3.0,1.0,0.0,0.0,1.0,1.0,0.14285714285714285,0.0,0.0,0.5,0.3333333333333333,2025-09-26 14:00:00,2025-11-11 13:00:00,2025-10-24 12:00:00,2025-07-25 15:00:00,2025-10-02 09:00:00,98,52,70,161,92,0.11764705882352941,0.15706806282722513,0.25,0.3,0.3,0.24590163934426232,0.5294117647058824,0.36585365853658536,0.4375,0.234375,0.3167077302125038,0.135,0.3058469945355191,0.23199426111908178,0.24955357142857143,25.54,344,Medium Engagement,rep_visit,True
366,Thomas,Pearson,dermatology,low_value,TERR_33,Seattle,WA,private_practice,2.1,False,Mixed,3.0,3.0,7.0,4.0,5.0,0.0,0.0,1.0,3.0,3.0,0.0,0.0,0.14285714285714285,0.75,0.6,2025-10-21 12:00:00,2025-07-02 12:00:00,2025-12-23 09:00:00,2025-12-30 13:00:00,2025-09-25 16:00:00,73,184,10,3,99,0.23529411764705882,0.9090909090909091,0.4375,0.75,0.5,0.23255813953488372,0.17647058823529413,0.14018691588785046,0.1875,0.29126213592233013,0.6274064171122995,0.35267857142857145,0.49651162790697667,0.08097855964815832,0.11450242718446602,38.74,118,Medium Engagement,rep_visit,True
367,Sabrina,White,endocrinology,high_value,TERR_45,Tucson,AZ,private_practice,1.8,False,In-Person-Heavy,8.0,8.0,6.0,2.0,10.0,0.0,2.0,1.0,0.0,0.0,0.0,0.25,0.16666666666666666,0.0,0.0,2025-11-06 17:00:00,2026-01-02 17:00:00,2025-09-26 15:00:00,2025-09-04 17:00:00,2025-11-13 09:00:00,57,0,98,120,50,0.11764705882352941,0.2,0.375,0.234375,1.0,0.37499999999999994,0.47058823529411764,1.0,0.5,0.3448275862068966,0.07529411764705883,0.2427083333333333,0.375,0.4661764705882353,0.2189655172413793,24.89,353,Medium Engagement,email,True
368,Brenda,Walters,primary_care,medium_value,TERR_47,Las Vegas,NV,clinic,4.1,False,Digital-Heavy,2.0,7.0,4.0,1.0,3.0,1.0,1.0,2.0,1.0,0.0,0.5,0.14285714285714285,0.5,1.0,0.0,2025-04-23 08:00:00,2025-12-18 12:00:00,2025-10-20 12:00:00,2025-09-18 17:00:00,2025-10-28 17:00:00,254,15,74,106,66,0.058823529411764705,0.22058823529411764,0.25,0.28846153846153844,0.3,0.3125,0.4117647058823529,0.6666666666666666,0.125,0.1056338028169014,0.5617647058823529,0.3826923076923077,0.1525,0.3282913165266106,0.30862676056338023,37.11,142,Medium Engagement,rep_visit,True
369,Travis,Davis,endocrinology,high_value,TERR_10,Cleveland,OH,private_practice,0.9,False,Mixed,1.0,4.0,7.0,17.0,2.0,0.0,0.0,2.0,15.0,0.0,0.0,0.0,0.2857142857142857,0.8823529411764706,0.0,2025-08-27 16:00:00,2025-10-14 08:00:00,2025-12-29 14:00:00,2025-12-09 12:00:00,2025-09-17 09:00:00,128,80,4,24,107,1.0,0.5555555555555556,0.4375,0.8823529411764706,0.2,0.21897810218978103,0.23529411764705882,0.27272727272727276,0.0625,0.189873417721519,0.8522875816993465,0.45057773109243704,0.1037956204379562,0.1251336898395722,0.05672468354430381,39.38,108,Medium Engagement,rep_visit,True
370,Michael,Cook,cardiology,low_value,TERR_45,Philadelphia,PA,private_practice,5.2,False,Digital-Heavy,1.0,2.0,8.0,2.0,0.0,0.0,1.0,4.0,2.0,0.0,0.0,0.5,0.5,1.0,0.0,2025-03-21 15:00:00,2025-09-17 17:00:00,2026-01-01 14:00:00,2025-07-21 11:00:00,,287,107,1,165,,0.11764705882352941,0.15384615384615385,0.5,0.9677419354838709,0.0,0.0,0.11764705882352941,0.21897810218978103,0.0625,0.09463722397476342,0.5660633484162896,0.5935483870967742,0.0,0.329089738085015,0.037677444794952684,34.35,190,Medium Engagement,phone_call,True
371,Elizabeth,Hodge,primary_care,medium_value,TERR_37,Washington,DC,hospital,0.7,False,Digital-Heavy,1.0,2.0,6.0,10.0,2.0,0.0,1.0,5.0,7.0,0.0,0.0,0.5,0.8333333333333334,0.7,0.0,2025-09-04 09:00:00,2025-07-24 16:00:00,2025-08-20 17:00:00,2025-11-28 09:00:00,2025-09-11 08:00:00,120,162,135,35,113,0.5882352941176471,0.46153846153846145,0.375,0.18181818181818182,0.2,0.2097902097902098,0.11764705882352941,0.15625,0.0625,0.2,0.6187782805429864,0.565530303030303,0.10195804195804195,0.3165441176470588,0.05875000000000001,37.54,133,Medium Engagement,rep_visit,True
372,Mark,Steele,primary_care,high_value,TERR_36,Philadelphia,PA,private_practice,0.5,False,Digital-Heavy,1.0,2.0,8.0,6.0,8.0,0.0,0.0,2.0,5.0,1.0,0.0,0.0,0.25,0.8333333333333334,0.125,2025-09-24 13:00:00,2025-03-04 08:00:00,2025-11-26 14:00:00,2025-12-26 10:00:00,2025-12-29 17:00:00,100,304,37,7,4,0.35294117647058826,0.8108108108108107,0.5,0.44776119402985076,0.8,0.8823529411764706,0.11764705882352941,0.08982035928143713,0.0625,0.23076923076923073,0.6847111817700053,0.3645522388059702,0.47897058823529415,0.05325818950334625,0.06490384615384615,39.18,111,Medium Engagement,rep_visit,True
373,Keith,Landry,oncology,medium_value,TERR_36,Philadelphia,PA,hospital,0.5,False,In-Person-Heavy,0.0,1.0,8.0,13.0,7.0,0.0,1.0,1.0,7.0,1.0,0.0,1.0,0.125,0.5384615384615384,0.14285714285714285,,2025-05-30 08:00:00,2025-12-24 09:00:00,2026-01-01 11:00:00,2025-12-11 12:00:00,,217,9,1,22,0.7647058823529411,0.9677419354838709,0.5,0.7692307692307692,0.7,0.5769230769230769,0.058823529411764705,0.12145748987854249,0.0,0.0,0.6921909210334257,0.3663461538461539,0.3968131868131868,0.541938556799238,0.0,44.16,43,High Engagement,rep_visit,True
374,Lisa,Pierce,primary_care,high_value,TERR_31,Washington,DC,private_practice,2.6,False,Mixed,6.0,9.0,5.0,3.0,3.0,0.0,3.0,1.0,2.0,0.0,0.0,0.3333333333333333,0.2,0.6666666666666666,0.0,2025-12-03 09:00:00,2025-09-18 12:00:00,2025-11-06 11:00:00,2025-12-10 17:00:00,2025-12-16 09:00:00,30,106,57,23,17,0.17647058823529413,0.5660377358490566,0.3125,0.3448275862068966,0.3,0.6382978723404256,0.5294117647058824,0.22058823529411764,0.375,0.5,0.4994820569737328,0.2627155172413793,0.21765957446808512,0.36960784313725487,0.2125,33.32,205,Medium Engagement,rep_visit,True
375,Shawn,Edwards,primary_care,medium_value,TERR_28,San Antonio,TX,hospital,4.3,False,In-Person-Heavy,0.0,1.0,14.0,12.0,3.0,0.0,0.0,4.0,4.0,1.0,0.0,0.0,0.2857142857142857,0.3333333333333333,0.3333333333333333,,2025-11-12 17:00:00,2025-12-17 09:00:00,2025-12-08 15:00:00,2025-12-26 17:00:00,,51,16,25,7,0.7058823529411765,0.5454545454545454,0.875,0.6521739130434783,0.3,0.8108108108108107,0.058823529411764705,0.37037037037037035,0.0,0.0,0.48752228163992867,0.5357919254658385,0.4188288288288288,0.09172113289760347,0.0,35.09,183,Medium Engagement,phone_call,True
376,Marcus,Cordova,cardiology,low_value,TERR_10,San Francisco,CA,private_practice,1.0,False,Mixed,1.0,7.0,3.0,1.0,2.0,0.0,2.0,0.0,1.0,0.0,0.0,0.2857142857142857,0.0,1.0,0.0,2025-10-20 15:00:00,2025-10-31 08:00:00,2025-09-29 11:00:00,2025-08-05 13:00:00,2025-06-06 12:00:00,74,63,95,150,210,0.058823529411764705,0.16666666666666666,0.1875,0.24000000000000005,0.2,0.125,0.4117647058823529,0.3225806451612903,0.0625,0.28846153846153844,0.5509803921568628,0.10425000000000001,0.08499999999999999,0.3309026836541068,0.07644230769230768,26.42,324,Medium Engagement,rep_visit,True
377,Richard,Robertson,oncology,high_value,TERR_43,Washington,DC,private_practice,3.1,False,In-Person-Heavy,8.0,16.0,5.0,1.0,1.0,0.0,1.0,0.0,0.0,0.0,0.0,0.0625,0.0,0.0,0.0,2025-12-04 11:00:00,2025-12-17 12:00:00,2025-12-22 15:00:00,2025-08-08 17:00:00,2025-09-05 14:00:00,29,16,11,147,119,0.058823529411764705,0.1694915254237288,0.3125,0.7317073170731707,0.1,0.20134228187919462,0.9411764705882353,0.6521739130434783,0.5,0.5084745762711864,0.051545363908275174,0.24009146341463414,0.07026845637583892,0.44403772378516626,0.25169491525423726,18.19,442,Low Engagement,email,True
378,Vanessa,Sandoval,oncology,low_value,TERR_04,Cleveland,OH,private_practice,4.2,True,Digital-Heavy,0.0,0.0,0.0,8.0,2.0,0.0,0.0,0.0,8.0,0.0,0.0,0.0,0.0,1.0,0.0,,,,2025-12-12 13:00:00,2025-06-24 09:00:00,,,,21,192,0.47058823529411764,0.5882352941176471,0.0,0.0,0.2,0.13513513513513511,0.0,0.0,0.0,0.0,0.7588235294117647,0.0,0.08702702702702703,0.0,0.0,24.51,357,Medium Engagement,Do Not Contact,False
379,Amy,Gutierrez,primary_care,high_value,TERR_11,Washington,DC,clinic,6.1,False,Mixed,10.0,13.0,6.0,0.0,1.0,2.0,4.0,1.0,0.0,0.0,0.2,0.3076923076923077,0.16666666666666666,0.0,0.0,2025-11-12 12:00:00,2025-09-30 16:00:00,2025-12-31 16:00:00,,2025-09-05 10:00:00,51,94,2,,119,0.0,0.0,0.375,0.9375,0.1,0.20134228187919462,0.7647058823529411,0.24193548387096778,0.625,0.37037037037037035,0.0,0.3833333333333333,0.07026845637583892,0.43164501532622973,0.36157407407407405,20.97,410,Medium Engagement,email,True
380,Jacob,Cox,dermatology,low_value,TERR_14,Mesa,AZ,private_practice,1.5,False,Digital-Heavy,0.0,3.0,3.0,8.0,2.0,0.0,0.0,1.0,3.0,0.0,0.0,0.0,0.3333333333333333,0.375,0.0,,2025-08-01 10:00:00,2025-10-31 08:00:00,2025-11-05 08:00:00,2025-09-11 09:00:00,,154,63,58,113,0.47058823529411764,0.3409090909090909,0.1875,0.3225806451612903,0.2,0.2097902097902098,0.17647058823529413,0.16304347826086957,0.0,0.0,0.39685828877005347,0.2874327956989247,0.10195804195804195,0.08554987212276215,0.0,20.98,409,Medium Engagement,rep_visit,True
381,Katherine,Garrett,oncology,low_value,TERR_49,Denver,CO,private_practice,2.8,True,Digital-Heavy,1.0,0.0,0.0,11.0,4.0,0.0,0.0,0.0,2.0,1.0,0.0,0.0,0.0,0.18181818181818182,0.25,2025-02-11 14:00:00,,,2025-12-29 15:00:00,2025-08-15 09:00:00,325,,,4,140,0.6470588235294118,0.8823529411764706,0.0,0.0,0.4,0.1764705882352941,0.0,0.0,0.0625,0.08450704225352113,0.4614973262032086,0.0,0.2802941176470588,0.0,0.035651408450704226,19.99,423,Low Engagement,Do Not Contact,False
382,Kathleen,Harris,cardiology,medium_value,TERR_41,Tucson,AZ,clinic,3.7,False,In-Person-Heavy,5.0,8.0,6.0,3.0,1.0,0.0,1.0,1.0,2.0,1.0,0.0,0.125,0.16666666666666666,0.6666666666666666,1.0,2025-10-09 09:00:00,2025-12-23 08:00:00,2025-12-15 09:00:00,2025-12-29 17:00:00,2025-01-29 08:00:00,85,10,18,4,338,0.17647058823529413,0.8823529411764706,0.375,0.625,0.1,0.08152173913043478,0.47058823529411764,0.75,0.3125,0.2608695652173913,0.5627450980392157,0.3208333333333333,0.546304347826087,0.3536764705882353,0.14592391304347826,41.72,70,High Engagement,rep_visit,True
383,Andrea,Pennington,oncology,low_value,TERR_33,Indianapolis,IN,cancer_center,3.2,False,Digital-Heavy,4.0,5.0,2.0,4.0,3.0,0.0,0.0,1.0,1.0,0.0,0.0,0.0,0.5,0.25,0.0,2025-12-12 09:00:00,2025-08-29 17:00:00,2025-05-27 09:00:00,2025-11-24 08:00:00,2025-12-03 08:00:00,21,126,220,39,30,0.23529411764705882,0.4347826086956522,0.125,0.12000000000000002,0.3,0.5,0.29411764705882354,0.1923076923076923,0.25,0.5882352941176471,0.2825447570332481,0.3115,0.19,0.12669683257918551,0.19264705882352942,23.3,379,Medium Engagement,phone_call,True
384,Samuel,Wolfe,dermatology,high_value,TERR_43,Raleigh,NC,private_practice,1.9,False,Digital-Heavy,8.0,13.0,4.0,1.0,8.0,2.0,6.0,1.0,1.0,0.0,0.25,0.46153846153846156,0.25,1.0,0.0,2025-10-10 13:00:00,2025-12-16 16:00:00,2025-12-08 08:00:00,2025-01-24 11:00:00,2026-01-01 14:00:00,84,17,25,343,1,0.058823529411764705,0.08042895442359249,0.25,0.5454545454545454,0.8,0.9677419354838709,0.7647058823529411,0.6382978723404256,0.5,0.2631578947368421,0.533732849708248,0.3090909090909091,0.4335483870967742,0.5878405699431982,0.32763157894736844,44.6,37,High Engagement,email,True
385,David,Dudley,primary_care,medium_value,TERR_21,Phoenix,AZ,private_practice,2.4,False,In-Person-Heavy,6.0,6.0,0.0,2.0,5.0,0.0,1.0,0.0,1.0,4.0,0.0,0.16666666666666666,0.0,0.5,0.8,2025-11-06 09:00:00,2025-12-29 17:00:00,,2025-08-19 09:00:00,2025-12-12 13:00:00,57,4,,136,21,0.11764705882352941,0.18072289156626506,0.0,0.0,0.5,0.5882352941176471,0.35294117647058826,0.8823529411764706,0.375,0.3448275862068966,0.3214386959603118,0.0,0.6676470588235295,0.36568627450980395,0.18146551724137933,31.2,244,Medium Engagement,webinar,True
386,Chelsea,Allen,oncology,low_value,TERR_10,Fresno,CA,cancer_center,0.5,True,In-Person-Heavy,4.0,0.0,0.0,0.0,4.0,1.0,0.0,0.0,0.0,0.0,0.25,0.0,0.0,0.0,0.0,2025-12-16 08:00:00,,,,2025-05-30 10:00:00,17,,,,217,0.0,0.0,0.0,0.0,0.4,0.12145748987854249,0.0,0.0,0.25,0.6382978723404256,0.0,0.0,0.1442914979757085,0.0,0.32765957446808514,7.8,499,Low Engagement,Do Not Contact,False
387,Eric,Pierce,cardiology,high_value,TERR_10,Sacramento,CA,hospital,2.8,False,In-Person-Heavy,2.0,5.0,12.0,11.0,5.0,0.0,1.0,4.0,8.0,4.0,0.0,0.2,0.3333333333333333,0.7272727272727273,0.8,2025-07-30 14:00:00,2025-09-24 15:00:00,2025-12-31 15:00:00,2025-12-12 11:00:00,2025-08-12 16:00:00,156,100,2,21,143,0.6470588235294118,0.5882352941176471,0.75,0.9375,0.5,0.17341040462427745,0.29411764705882354,0.23076923076923073,0.125,0.16129032258064516,0.6754010695187166,0.5791666666666666,0.5846820809248555,0.2343891402714932,0.06975806451612904,48.1,9,High Engagement,rep_visit,True
388,Andrea,Davis,cardiology,high_value,TERR_07,Boston,MA,hospital,1.7,False,Mixed,1.0,2.0,5.0,14.0,4.0,0.0,0.0,3.0,12.0,0.0,0.0,0.0,0.6,0.8571428571428571,0.0,2025-09-29 17:00:00,2025-10-08 17:00:00,2025-10-31 16:00:00,2025-12-24 13:00:00,2025-08-14 13:00:00,95,86,63,9,141,0.8235294117647058,0.7692307692307692,0.3125,0.3225806451612903,0.4,0.17543859649122806,0.11764705882352941,0.25862068965517243,0.0625,0.24000000000000005,0.8294764059469941,0.45826612903225805,0.1550877192982456,0.08701825557809331,0.06675000000000002,39.46,107,Medium Engagement,rep_visit,True
389,Victoria,Durham,endocrinology,high_value,TERR_28,Columbus,OH,clinic,1.5,False,In-Person-Heavy,16.0,10.0,3.0,1.0,5.0,5.0,2.0,0.0,0.0,1.0,0.3125,0.2,0.0,0.0,0.2,2025-12-26 11:00:00,2025-10-22 12:00:00,2025-11-24 13:00:00,2025-11-14 14:00:00,2025-09-16 10:00:00,7,72,39,49,108,0.058823529411764705,0.379746835443038,0.1875,0.4347826086956522,0.5,0.2173913043478261,0.5882352941176471,0.29411764705882354,1.0,0.8108108108108107,0.09359642591213702,0.14320652173913045,0.29347826086956524,0.33529411764705885,0.6184121621621621,25.85,337,Medium Engagement,digital_ad,True
390,Steven,Wilson,cardiology,low_value,TERR_28,Portland,OR,clinic,1.5,False,Mixed,5.0,10.0,4.0,0.0,3.0,1.0,0.0,1.0,0.0,0.0,0.2,0.0,0.25,0.0,0.0,2025-12-29 13:00:00,2025-12-22 13:00:00,2025-12-17 10:00:00,,2025-11-13 12:00:00,4,11,16,,50,0.0,0.0,0.25,0.6521739130434783,0.3,0.37499999999999994,0.5882352941176471,0.7317073170731707,0.3125,0.8823529411764706,0.0,0.33043478260869563,0.16499999999999998,0.32281205164992827,0.37022058823529413,20.3,418,Medium Engagement,digital_ad,True
391,Marilyn,Jimenez,primary_care,medium_value,TERR_33,Omaha,NE,private_practice,6.3,False,Digital-Heavy,9.0,7.0,4.0,0.0,3.0,0.0,2.0,2.0,0.0,0.0,0.0,0.2857142857142857,0.5,0.0,0.0,2025-12-05 09:00:00,2025-12-31 11:00:00,2025-12-16 13:00:00,,2025-10-29 15:00:00,28,2,17,,65,0.0,0.0,0.25,0.6382978723404256,0.3,0.31578947368421056,0.4117647058823529,0.9375,0.5625,0.5172413793103449,0.0,0.45265957446808514,0.1531578947368421,0.45388655462184874,0.27219827586206896,23.01,382,Medium Engagement,email,True
392,Jennifer,Hicks,endocrinology,medium_value,TERR_23,Oklahoma City,OK,clinic,2.7,False,In-Person-Heavy,6.0,3.0,8.0,7.0,3.0,0.0,1.0,0.0,4.0,1.0,0.0,0.3333333333333333,0.0,0.5714285714285714,0.3333333333333333,2025-11-17 13:00:00,2025-10-17 16:00:00,2025-12-04 16:00:00,2025-10-29 15:00:00,2026-01-01 14:00:00,46,77,29,65,1,0.4117647058823529,0.31578947368421056,0.5,0.5084745762711864,0.3,0.9677419354838709,0.17647058823529413,0.2803738317757009,0.375,0.39473684210526316,0.4724015922158337,0.25169491525423726,0.45021505376344084,0.2756826094923951,0.19144736842105264,35.22,179,Medium Engagement,rep_visit,True
393,Joshua,Davenport,cardiology,low_value,TERR_28,Raleigh,NC,private_practice,0.5,False,Mixed,3.0,6.0,1.0,1.0,3.0,0.0,2.0,0.0,0.0,0.0,0.0,0.3333333333333333,0.0,0.0,0.0,2025-07-08 08:00:00,2026-01-02 13:00:00,2025-01-14 12:00:00,2025-01-23 12:00:00,2025-07-22 16:00:00,178,0,353,344,164,0.058823529411764705,0.08021390374331551,0.0625,0.07832898172323759,0.3,0.15463917525773196,0.35294117647058826,1.0,0.1875,0.14423076923076922,0.033689839572192515,0.03441579634464752,0.12092783505154639,0.4725490196078431,0.08509615384615384,12.48,485,Low Engagement,email,True
394,Tina,Sanchez,endocrinology,high_value,TERR_09,Wichita,KS,private_practice,3.1,False,In-Person-Heavy,9.0,9.0,3.0,1.0,4.0,2.0,3.0,1.0,0.0,2.0,0.2222222222222222,0.3333333333333333,0.3333333333333333,0.0,0.5,2025-11-11 13:00:00,2025-12-11 12:00:00,2025-11-17 17:00:00,2025-12-15 14:00:00,2025-12-31 11:00:00,52,22,46,18,2,0.058823529411764705,0.625,0.1875,0.39473684210526316,0.4,0.9375,0.5294117647058824,0.5769230769230769,0.5625,0.36585365853658536,0.1426470588235294,0.3018640350877193,0.5575,0.4408748114630467,0.3530318428184282,33.38,203,Medium Engagement,webinar,True
395,Andrea,Reyes,oncology,high_value,TERR_03,Minneapolis,MN,hospital,1.8,False,Mixed,6.0,5.0,8.0,9.0,4.0,1.0,0.0,1.0,4.0,3.0,0.16666666666666666,0.0,0.125,0.4444444444444444,0.75,2025-11-25 08:00:00,2025-09-18 11:00:00,2025-09-23 11:00:00,2026-01-02 15:00:00,2025-11-19 08:00:00,38,106,101,0,44,0.5294117647058824,1.0,0.5,0.22900763358778622,0.4,0.4054054054054054,0.29411764705882354,0.22058823529411764,0.375,0.4411764705882353,0.5810457516339869,0.25830152671755724,0.576081081081081,0.1323529411764706,0.2840686274509804,40.37,88,High Engagement,rep_visit,True
396,Sandra,Romero,cardiology,medium_value,TERR_38,Tucson,AZ,clinic,6.6,False,Digital-Heavy,4.0,5.0,5.0,0.0,4.0,2.0,0.0,0.0,0.0,4.0,0.5,0.0,0.0,0.0,1.0,2025-07-04 09:00:00,2025-11-06 11:00:00,2026-01-02 13:00:00,,2025-12-15 11:00:00,182,57,0,,18,0.0,0.0,0.3125,1.0,0.4,0.625,0.29411764705882354,0.3448275862068966,0.25,0.14150943396226415,0.0,0.29375,0.745,0.1572008113590264,0.35330188679245284,28.43,279,Medium Engagement,webinar,True
397,Natasha,Shields,endocrinology,low_value,TERR_43,Mesa,AZ,private_practice,5.1,False,Digital-Heavy,2.0,5.0,2.0,0.0,3.0,1.0,2.0,1.0,0.0,1.0,0.5,0.4,0.5,0.0,0.3333333333333333,2025-07-23 14:00:00,2025-12-18 12:00:00,2025-08-26 13:00:00,,2025-11-20 09:00:00,163,15,129,,43,0.0,0.0,0.125,0.18867924528301888,0.3,0.410958904109589,0.29411764705882354,0.6666666666666666,0.125,0.15544041450777202,0.0,0.32523584905660374,0.33885844748858446,0.42156862745098045,0.3185880829015544,24.38,361,Medium Engagement,email,True
398,Joshua,Tyler,endocrinology,high_value,TERR_19,Albuquerque,NM,clinic,1.8,False,In-Person-Heavy,7.0,10.0,5.0,9.0,4.0,0.0,1.0,3.0,5.0,0.0,0.0,0.1,0.6,0.5555555555555556,0.0,2025-09-29 11:00:00,2026-01-02 13:00:00,2025-08-29 13:00:00,2025-09-04 10:00:00,2025-12-17 08:00:00,95,0,126,120,16,0.5294117647058824,0.2,0.3125,0.1923076923076923,0.4,0.6521739130434783,0.5882352941176471,1.0,0.4375,0.24000000000000005,0.4766013071895425,0.4322115384615385,0.25043478260869567,0.42647058823529416,0.17925000000000002,37.04,144,Medium Engagement,rep_visit,True
399,Robert,Villa,primary_care,low_value,TERR_21,Baltimore,MD,clinic,2.7,False,Digital-Heavy,3.0,7.0,1.0,0.0,0.0,0.0,2.0,1.0,0.0,0.0,0.0,0.2857142857142857,1.0,0.0,0.0,2025-11-14 15:00:00,2025-12-03 11:00:00,2025-08-18 12:00:00,,,49,30,137,,,0.0,0.0,0.0625,0.17964071856287425,0.0,0.0,0.4117647058823529,0.5,0.1875,0.379746835443038,0.0,0.5546781437125748,0.0,0.36638655462184877,0.1321993670886076,18.57,438,Low Engagement,phone_call,True
400,William,Hoover,dermatology,medium_value,TERR_31,Las Vegas,NV,private_practice,1.6,False,Mixed,13.0,11.0,5.0,0.0,5.0,2.0,2.0,1.0,0.0,2.0,0.15384615384615385,0.18181818181818182,0.2,0.0,0.4,2025-12-26 09:00:00,2025-12-31 16:00:00,2025-11-17 08:00:00,,2025-09-18 09:00:00,7,2,46,,106,0.0,0.0,0.3125,0.39473684210526316,0.5,0.22058823529411764,0.6470588235294118,0.9375,0.8125,0.8108108108108107,0.0,0.27269736842105263,0.3941176470588235,0.47252673796791445,0.48283523908523907,27.67,298,Medium Engagement,digital_ad,True
401,Justin,Evans,dermatology,medium_value,TERR_05,Sacramento,CA,clinic,3.7,True,Digital-Heavy,0.0,0.0,0.0,5.0,1.0,0.0,0.0,0.0,3.0,0.0,0.0,0.0,0.0,0.6,0.0,,,,2025-12-22 09:00:00,2025-09-11 13:00:00,,,,11,113,0.29411764705882354,0.7317073170731707,0.0,0.0,0.1,0.2097902097902098,0.0,0.0,0.0,0.0,0.5345767575322812,0.0,0.07195804195804195,0.0,0.0,17.48,453,Low Engagement,Do Not Contact,False
402,Brenda,Duarte,dermatology,medium_value,TERR_38,Cleveland,OH,private_practice,3.3,False,Mixed,9.0,8.0,5.0,1.0,5.0,0.0,2.0,0.0,1.0,1.0,0.0,0.25,0.0,1.0,0.2,2025-12-17 16:00:00,2025-12-10 15:00:00,2025-09-25 10:00:00,2025-02-14 09:00:00,2025-12-03 10:00:00,16,23,99,322,30,0.058823529411764705,0.08522727272727273,0.3125,0.23255813953488372,0.5,0.5,0.47058823529411764,0.5660377358490566,0.5625,0.6521739130434783,0.534692513368984,0.14026162790697674,0.35,0.37938401775804664,0.29918478260869563,36.02,168,Medium Engagement,rep_visit,True
403,Tracy,Hernandez,cardiology,medium_value,TERR_09,Boston,MA,hospital,1.4,False,Mixed,3.0,8.0,6.0,5.0,3.0,1.0,0.0,4.0,2.0,0.0,0.3333333333333333,0.0,0.6666666666666666,0.4,0.0,2025-06-25 08:00:00,2026-01-01 10:00:00,2025-09-29 16:00:00,2025-12-26 11:00:00,2025-10-23 14:00:00,191,1,95,7,71,0.29411764705882354,0.8108108108108107,0.375,0.24000000000000005,0.3,0.297029702970297,0.47058823529411764,0.9677419354838709,0.1875,0.13574660633484165,0.45039745627980926,0.49383333333333335,0.1494059405940594,0.3347248576850095,0.250065987933635,35.15,182,Medium Engagement,phone_call,True
404,Amanda,Reed,oncology,high_value,TERR_30,Portland,OR,private_practice,1.8,False,Digital-Heavy,6.0,4.0,5.0,3.0,6.0,1.0,1.0,3.0,0.0,3.0,0.16666666666666666,0.25,0.6,0.0,0.5,2025-12-29 16:00:00,2025-11-26 15:00:00,2025-10-30 08:00:00,2025-03-31 13:00:00,2025-12-11 17:00:00,4,37,64,277,22,0.17647058823529413,0.09771986970684039,0.3125,0.3191489361702128,0.6,0.5769230769230769,0.23529411764705882,0.44776119402985076,0.375,0.8823529411764706,0.07248515041195631,0.4575797872340426,0.5453846153846154,0.2851404741000878,0.37230392156862746,32.1,229,Medium Engagement,webinar,True
405,Andrea,Daniels,dermatology,low_value,TERR_34,Raleigh,NC,private_practice,3.3,False,Digital-Heavy,4.0,6.0,1.0,3.0,5.0,0.0,1.0,0.0,1.0,2.0,0.0,0.16666666666666666,0.0,0.3333333333333333,0.4,2025-11-12 11:00:00,2025-12-25 14:00:00,2025-09-09 15:00:00,2025-10-31 14:00:00,2025-09-05 08:00:00,51,8,115,63,119,0.17647058823529413,0.3225806451612903,0.0625,0.2068965517241379,0.5,0.20134228187919462,0.35294117647058826,0.7894736842105263,0.25,0.37037037037037035,0.28412397216951296,0.06012931034482759,0.3902684563758389,0.3471104231166151,0.14907407407407408,24.97,349,Medium Engagement,webinar,True
406,Stanley,Morris,cardiology,high_value,TERR_23,New Orleans,LA,private_practice,2.5,False,Mixed,6.0,9.0,5.0,0.0,6.0,2.0,0.0,0.0,0.0,3.0,0.3333333333333333,0.0,0.0,0.0,0.5,2025-12-05 08:00:00,2025-12-08 16:00:00,2025-11-03 17:00:00,,2025-12-24 12:00:00,28,25,60,,9,0.0,0.0,0.3125,0.3333333333333333,0.6,0.7692307692307692,0.5294117647058824,0.5454545454545454,0.375,0.5172413793103449,0.0,0.16041666666666665,0.5838461538461539,0.26791443850267377,0.3826149425287356,24.64,355,Medium Engagement,webinar,True
407,Jacob,Terry,primary_care,medium_value,TERR_20,San Francisco,CA,clinic,2.9,False,Mixed,3.0,8.0,4.0,9.0,4.0,0.0,1.0,2.0,2.0,1.0,0.0,0.125,0.5,0.2222222222222222,0.25,2025-05-14 09:00:00,2025-12-24 11:00:00,2025-08-15 16:00:00,2025-11-20 13:00:00,2026-01-01 12:00:00,233,9,140,43,1,0.5294117647058824,0.410958904109589,0.25,0.1764705882352941,0.4,0.9677419354838709,0.47058823529411764,0.7692307692307692,0.1875,0.1140684410646388,0.3521264213447936,0.3602941176470588,0.4385483870967742,0.35752262443438915,0.07906368821292775,33.09,212,Medium Engagement,webinar,True
408,Ashley,Hall,oncology,medium_value,TERR_28,Wichita,KS,hospital,3.0,False,In-Person-Heavy,1.0,3.0,8.0,4.0,4.0,0.0,0.0,0.0,0.0,2.0,0.0,0.0,0.0,0.0,0.5,2025-07-25 17:00:00,2025-08-19 12:00:00,2025-08-12 11:00:00,2025-12-29 13:00:00,2025-11-13 12:00:00,161,136,143,4,50,0.23529411764705882,0.8823529411764706,0.5,0.17341040462427745,0.4,0.37499999999999994,0.17647058823529413,0.18072289156626506,0.0625,0.15706806282722513,0.24705882352941178,0.1846820809248555,0.445,0.08908575478384125,0.05016361256544502,22.09,398,Medium Engagement,webinar,True
409,Kimberly,Williams,primary_care,high_value,TERR_47,Atlanta,GA,clinic,1.9,False,Digital-Heavy,6.0,6.0,2.0,2.0,3.0,0.0,2.0,0.0,0.0,0.0,0.0,0.3333333333333333,0.0,0.0,0.0,2025-11-24 10:00:00,2025-10-30 17:00:00,2025-09-12 11:00:00,2025-07-21 15:00:00,2025-08-13 14:00:00,39,64,112,165,142,0.11764705882352941,0.15384615384615385,0.125,0.2112676056338028,0.3,0.1744186046511628,0.35294117647058826,0.3191489361702128,0.375,0.4347826086956522,0.0660633484162896,0.07975352112676057,0.12488372093023256,0.3363788068418857,0.19945652173913042,14.11,476,Low Engagement,email,True
410,Julie,Thornton,dermatology,low_value,TERR_46,Columbus,OH,private_practice,2.2,False,In-Person-Heavy,1.0,2.0,3.0,4.0,0.0,0.0,1.0,2.0,4.0,0.0,0.0,0.5,0.6666666666666666,1.0,0.0,2025-03-31 13:00:00,2025-10-06 14:00:00,2025-11-07 11:00:00,2025-11-18 14:00:00,,277,88,56,45,,0.23529411764705882,0.4,0.1875,0.3488372093023256,0.0,0.0,0.11764705882352941,0.2542372881355932,0.0625,0.09771986970684039,0.6505882352941177,0.4593507751937984,0.0,0.33614157527417743,0.038293973941368076,34.32,191,Medium Engagement,rep_visit,True
411,Lisa,Hughes,endocrinology,low_value,TERR_18,Tucson,AZ,hospital,1.7,False,In-Person-Heavy,2.0,9.0,3.0,2.0,2.0,0.0,2.0,0.0,0.0,1.0,0.0,0.2222222222222222,0.0,0.0,0.5,2025-06-11 10:00:00,2025-12-31 17:00:00,2025-11-12 12:00:00,2025-08-19 10:00:00,2025-07-24 14:00:00,205,2,51,136,162,0.11764705882352941,0.18072289156626506,0.1875,0.37037037037037035,0.2,0.15625,0.5294117647058824,0.9375,0.125,0.12765957446808512,0.07143869596031183,0.13032407407407406,0.34125,0.4574346405228758,0.06303191489361702,19.38,432,Low Engagement,email,True
412,Elizabeth,Hoover,cardiology,low_value,TERR_34,Tulsa,OK,private_practice,6.7,False,Digital-Heavy,5.0,4.0,1.0,1.0,1.0,1.0,1.0,0.0,0.0,0.0,0.2,0.25,0.0,0.0,0.0,2025-11-04 08:00:00,2025-12-18 10:00:00,2025-03-06 11:00:00,2025-10-27 09:00:00,2025-06-23 13:00:00,59,15,302,67,193,0.058823529411764705,0.30927835051546393,0.0625,0.09036144578313253,0.1,0.13452914798206278,0.23529411764705882,0.6666666666666666,0.3125,0.33707865168539325,0.07950272892662219,0.036822289156626505,0.056905829596412556,0.328921568627451,0.2611657303370787,13.11,480,Low Engagement,email,True
413,Tina,Simpson,endocrinology,low_value,TERR_20,Arlington,TX,private_practice,7.1,False,Mixed,4.0,8.0,0.0,1.0,3.0,1.0,1.0,0.0,0.0,1.0,0.25,0.125,0.0,0.0,0.3333333333333333,2025-11-10 12:00:00,2025-12-10 08:00:00,,2025-05-20 15:00:00,2025-11-07 13:00:00,53,23,,227,56,0.058823529411764705,0.11673151750972763,0.0,0.0,0.3,0.3488372093023256,0.47058823529411764,0.5660377358490566,0.25,0.3614457831325301,0.04099336232547494,0.0,0.3264341085271318,0.31688401775804664,0.27228915662650605,16.6,458,Low Engagement,webinar,True
414,Benjamin,Shaw,primary_care,medium_value,TERR_38,Nashville,TN,private_practice,3.7,False,Digital-Heavy,6.0,6.0,5.0,2.0,0.0,2.0,1.0,2.0,1.0,0.0,0.3333333333333333,0.16666666666666666,0.4,0.5,0.0,2025-12-22 17:00:00,2025-09-10 09:00:00,2025-11-04 17:00:00,2025-08-15 08:00:00,,11,114,59,140,,0.11764705882352941,0.1764705882352941,0.3125,0.33707865168539325,0.0,0.0,0.35294117647058826,0.20833333333333334,0.375,0.7317073170731707,0.3205882352941176,0.36116573033707866,0.0,0.23088235294117648,0.42550813008130084,26.69,319,Medium Engagement,digital_ad,True
415,Brittany,Kane,primary_care,medium_value,TERR_20,Minneapolis,MN,private_practice,1.8,False,Digital-Heavy,6.0,7.0,5.0,6.0,3.0,0.0,1.0,1.0,5.0,2.0,0.0,0.14285714285714285,0.2,0.8333333333333334,0.6666666666666666,2025-12-18 08:00:00,2025-10-24 17:00:00,2025-07-16 17:00:00,2025-12-12 09:00:00,2025-10-31 15:00:00,15,70,170,21,63,0.35294117647058826,0.5882352941176471,0.3125,0.15,0.3,0.3225806451612903,0.4117647058823529,0.3,0.375,0.6666666666666666,0.6401960784313726,0.22375,0.4878494623655914,0.2549579831932773,0.24583333333333332,40.95,77,High Engagement,rep_visit,True
416,Morgan,Alexander,primary_care,medium_value,TERR_19,Wichita,KS,private_practice,1.7,False,Digital-Heavy,2.0,3.0,3.0,2.0,0.0,1.0,0.0,1.0,1.0,0.0,0.5,0.0,0.3333333333333333,0.5,0.0,2025-09-02 09:00:00,2025-11-24 10:00:00,2025-12-11 15:00:00,2025-07-17 12:00:00,,122,39,22,169,,0.11764705882352941,0.1507537688442211,0.1875,0.5769230769230769,0.0,0.0,0.17647058823529413,0.4347826086956522,0.125,0.19736842105263158,0.31544487141590305,0.338301282051282,0.0,0.13989769820971867,0.3269736842105263,23.23,380,Medium Engagement,phone_call,True
417,Alicia,Bryant,endocrinology,high_value,TERR_30,Dallas,TX,private_practice,0.5,False,Digital-Heavy,4.0,2.0,6.0,3.0,4.0,0.0,0.0,2.0,2.0,1.0,0.0,0.0,0.3333333333333333,0.6666666666666666,0.25,2025-11-24 09:00:00,2025-08-01 09:00:00,2025-09-26 17:00:00,2025-05-06 10:00:00,2025-12-26 12:00:00,39,154,98,241,7,0.17647058823529413,0.11070110701107011,0.375,0.234375,0.4,0.8108108108108107,0.11764705882352941,0.16304347826086957,0.25,0.4347826086956522,0.40841473120613553,0.3260416666666667,0.40716216216216217,0.06790281329923273,0.16195652173913044,30.36,252,Medium Engagement,rep_visit,True
418,Jennifer,Ortiz,primary_care,low_value,TERR_11,Sacramento,CA,private_practice,2.9,False,Digital-Heavy,2.0,7.0,5.0,3.0,2.0,1.0,0.0,4.0,1.0,1.0,0.5,0.0,0.8,0.3333333333333333,0.5,2025-09-10 09:00:00,2025-11-06 13:00:00,2025-12-03 11:00:00,2025-11-10 11:00:00,2025-12-08 13:00:00,114,57,30,53,25,0.17647058823529413,0.3614457831325301,0.3125,0.5,0.2,0.5454545454545454,0.4117647058823529,0.3448275862068966,0.125,0.20833333333333334,0.29189699976376093,0.59375,0.41909090909090907,0.1924949290060852,0.32916666666666666,36.84,150,Medium Engagement,phone_call,True
419,Diana,Moore,primary_care,high_value,TERR_46,El Paso,TX,private_practice,1.5,False,In-Person-Heavy,6.0,11.0,6.0,4.0,5.0,0.0,0.0,1.0,3.0,0.0,0.0,0.0,0.16666666666666666,0.75,0.0,2025-12-22 14:00:00,2025-12-30 15:00:00,2025-12-15 13:00:00,2025-10-21 10:00:00,2025-11-26 11:00:00,11,3,18,73,37,0.23529411764705882,0.29126213592233013,0.375,0.625,0.5,0.44776119402985076,0.6470588235294118,0.9090909090909091,0.375,0.7317073170731707,0.5038406624785836,0.3208333333333333,0.23955223880597015,0.3759358288770054,0.2588414634146341,35.84,171,Medium Engagement,rep_visit,True
420,Terrance,Costa,primary_care,low_value,TERR_16,Louisville,KY,hospital,4.1,False,Digital-Heavy,6.0,8.0,0.0,1.0,0.0,0.0,2.0,0.0,1.0,0.0,0.0,0.25,0.0,1.0,0.0,2025-10-24 11:00:00,2025-12-31 08:00:00,,2025-06-04 10:00:00,,70,2,,212,,0.058823529411764705,0.12396694214876033,0.0,0.0,0.0,0.0,0.47058823529411764,0.9375,0.375,0.3,0.5424404472532816,0.0,0.0,0.4536764705882353,0.1725,25.67,341,Medium Engagement,rep_visit,True
421,Matthew,Schwartz,primary_care,high_value,TERR_21,Boston,MA,private_practice,4.1,False,Digital-Heavy,8.0,15.0,4.0,4.0,3.0,2.0,4.0,0.0,2.0,0.0,0.25,0.26666666666666666,0.0,0.5,0.0,2025-12-05 13:00:00,2025-12-30 08:00:00,2025-09-02 15:00:00,2025-08-08 16:00:00,2025-12-18 09:00:00,28,3,122,147,15,0.23529411764705882,0.1694915254237288,0.25,0.19736842105263158,0.3,0.6666666666666666,0.8823529411764706,0.9090909090909091,0.5,0.5172413793103449,0.3544865403788634,0.11447368421052631,0.22333333333333333,0.5798573975044563,0.378448275862069,31.77,234,Medium Engagement,email,True
422,Debra,Christian,dermatology,high_value,TERR_44,Tucson,AZ,private_practice,1.8,False,Digital-Heavy,5.0,16.0,4.0,1.0,6.0,1.0,5.0,2.0,0.0,2.0,0.2,0.3125,0.5,0.0,0.3333333333333333,2025-06-13 15:00:00,2025-12-26 15:00:00,2025-08-12 15:00:00,2025-09-22 13:00:00,2026-01-01 09:00:00,203,7,143,102,1,0.058823529411764705,0.22727272727272727,0.25,0.17341040462427745,0.6,0.9677419354838709,0.9411764705882353,0.8108108108108107,0.3125,0.12875536480686695,0.06310160427807487,0.3596820809248555,0.5402150537634409,0.6007651033386328,0.2195010729613734,32.19,228,Medium Engagement,email,True
423,Melissa,Villarreal,dermatology,medium_value,TERR_24,Albuquerque,NM,private_practice,2.0,False,Mixed,1.0,3.0,10.0,5.0,1.0,0.0,0.0,7.0,2.0,0.0,0.0,0.0,0.7,0.4,0.0,2025-06-16 10:00:00,2025-09-25 14:00:00,2025-12-26 15:00:00,2025-09-15 11:00:00,2025-03-31 09:00:00,200,99,7,109,277,0.29411764705882354,0.21582733812949642,0.625,0.8108108108108107,0.1,0.09771986970684039,0.17647058823529413,0.23255813953488372,0.0625,0.13043478260869565,0.3314007617435464,0.6996621621621621,0.04954397394136808,0.09945280437756499,0.044836956521739135,27.09,309,Medium Engagement,phone_call,True
424,Norman,Stewart,primary_care,medium_value,TERR_40,Jacksonville,FL,private_practice,3.6,False,In-Person-Heavy,7.0,4.0,3.0,3.0,1.0,1.0,0.0,0.0,1.0,0.0,0.14285714285714285,0.0,0.0,0.3333333333333333,0.0,2025-12-23 08:00:00,2025-12-18 09:00:00,2025-12-30 11:00:00,2025-12-01 15:00:00,2025-02-04 08:00:00,10,15,3,32,332,0.17647058823529413,0.48387096774193555,0.1875,0.9090909090909091,0.1,0.08287292817679558,0.23529411764705882,0.6666666666666666,0.4375,0.75,0.316382036685642,0.23806818181818182,0.046574585635359114,0.20392156862745098,0.35267857142857145,23.53,376,Medium Engagement,digital_ad,True
425,Jennifer,Malone,endocrinology,low_value,TERR_22,Virginia Beach,VA,private_practice,2.5,False,In-Person-Heavy,3.0,4.0,5.0,7.0,6.0,0.0,0.0,3.0,4.0,0.0,0.0,0.0,0.6,0.5714285714285714,0.0,2025-11-05 12:00:00,2025-09-10 15:00:00,2025-12-31 16:00:00,2025-12-22 16:00:00,2025-12-08 08:00:00,58,114,2,11,25,0.4117647058823529,0.7317073170731707,0.3125,0.9375,0.6,0.5454545454545454,0.23529411764705882,0.20833333333333334,0.1875,0.3409090909090909,0.5555851608936258,0.58125,0.28909090909090907,0.11225490196078432,0.12443181818181817,37.62,132,Medium Engagement,phone_call,True
426,Monique,Johnson,dermatology,high_value,TERR_29,Houston,TX,clinic,2.1,False,In-Person-Heavy,2.0,8.0,8.0,7.0,4.0,1.0,0.0,2.0,6.0,2.0,0.5,0.0,0.25,0.8571428571428571,0.5,2025-10-23 17:00:00,2025-12-29 12:00:00,2025-12-18 09:00:00,2025-07-03 17:00:00,2025-12-22 10:00:00,71,4,15,183,11,0.4117647058823529,0.14084507042253522,0.5,0.6666666666666666,0.4,0.7317073170731707,0.47058823529411764,0.8823529411764706,0.125,0.297029702970297,0.5802698544206414,0.4083333333333333,0.5163414634146342,0.3176470588235294,0.3469059405940594,45.87,21,High Engagement,rep_visit,True
427,Casey,Welch,endocrinology,high_value,TERR_02,Detroit,MI,private_practice,6.1,False,Mixed,4.0,12.0,6.0,4.0,3.0,0.0,7.0,1.0,2.0,0.0,0.0,0.5833333333333334,0.16666666666666666,0.5,0.0,2026-01-01 13:00:00,2025-12-19 17:00:00,2025-11-24 13:00:00,2025-10-21 09:00:00,2025-07-10 13:00:00,1,14,39,73,176,0.23529411764705882,0.29126213592233013,0.375,0.4347826086956522,0.3,0.14563106796116507,0.7058823529411765,0.6818181818181818,0.25,0.9677419354838709,0.37884066247858367,0.28278985507246374,0.11912621359223301,0.639795008912656,0.2685483870967742,33.03,215,Medium Engagement,email,True
428,Samantha,Bright,oncology,high_value,TERR_08,Nashville,TN,hospital,1.1,False,Digital-Heavy,8.0,17.0,5.0,3.0,0.0,1.0,4.0,0.0,0.0,0.0,0.125,0.23529411764705882,0.0,0.0,0.0,2025-09-10 17:00:00,2025-12-29 10:00:00,2025-12-09 10:00:00,2025-10-14 09:00:00,,114,4,24,80,,0.17647058823529413,0.27272727272727276,0.3125,0.5555555555555556,0.0,0.0,1.0,0.8823529411764706,0.5,0.20833333333333334,0.10748663101604279,0.2048611111111111,0.0,0.5941176470588235,0.25416666666666665,20.05,422,Medium Engagement,email,True
429,Julie,Hamilton,primary_care,high_value,TERR_19,Omaha,NE,private_practice,6.1,False,In-Person-Heavy,1.0,8.0,5.0,7.0,4.0,0.0,4.0,1.0,5.0,1.0,0.0,0.5,0.2,0.7142857142857143,0.25,2025-10-21 10:00:00,2025-12-26 10:00:00,2025-10-08 10:00:00,2025-12-12 10:00:00,2025-11-10 14:00:00,73,7,86,21,53,0.4117647058823529,0.5882352941176471,0.3125,0.25862068965517243,0.4,0.3614457831325301,0.47058823529411764,0.8108108108108107,0.0625,0.29126213592233013,0.5983193277310924,0.2454741379310345,0.31728915662650603,0.5533386327503975,0.07700242718446602,38.66,120,Medium Engagement,rep_visit,True
430,Corey,Schultz,primary_care,low_value,TERR_35,Virginia Beach,VA,private_practice,3.1,False,Mixed,1.0,3.0,9.0,6.0,0.0,0.0,1.0,5.0,4.0,0.0,0.0,0.3333333333333333,0.5555555555555556,0.6666666666666666,0.0,2025-12-19 12:00:00,2025-11-12 12:00:00,2025-09-11 09:00:00,2025-11-04 13:00:00,,14,51,113,59,,0.35294117647058826,0.33707865168539325,0.5625,0.2097902097902098,0.0,0.0,0.17647058823529413,0.37037037037037035,0.0625,0.6818181818181818,0.5066314166115884,0.4884858197358197,0.0,0.29368191721132897,0.15511363636363634,31.7,236,Medium Engagement,rep_visit,True
431,Monique,Wallace,cardiology,low_value,TERR_49,Tulsa,OK,private_practice,4.2,False,In-Person-Heavy,0.0,1.0,4.0,6.0,0.0,0.0,0.0,2.0,5.0,0.0,0.0,0.0,0.5,0.8333333333333334,0.0,,2025-03-21 10:00:00,2025-11-13 09:00:00,2025-12-30 13:00:00,,,287,50,3,,0.35294117647058826,0.9090909090909091,0.25,0.37499999999999994,0.0,0.0,0.058823529411764705,0.09463722397476342,0.0,0.0,0.7043672014260249,0.4,0.0,0.03657450361848209,0.0,29.68,263,Medium Engagement,rep_visit,True
432,Heather,Berger,primary_care,medium_value,TERR_33,Portland,OR,private_practice,9.2,False,Digital-Heavy,11.0,4.0,1.0,1.0,1.0,1.0,0.0,0.0,1.0,0.0,0.09090909090909091,0.0,0.0,1.0,0.0,2025-11-13 14:00:00,2025-12-30 16:00:00,2025-09-08 17:00:00,2025-10-27 17:00:00,2025-06-26 10:00:00,50,3,116,67,190,0.058823529411764705,0.30927835051546393,0.0625,0.2054794520547945,0.1,0.13636363636363638,0.23529411764705882,0.9090909090909091,0.6875,0.37499999999999994,0.5795027289266222,0.059845890410958905,0.05727272727272728,0.2524064171122995,0.32670454545454547,28.41,281,Medium Engagement,rep_visit,True
433,Brandon,Flynn,dermatology,low_value,TERR_41,Dallas,TX,private_practice,2.0,False,In-Person-Heavy,1.0,3.0,5.0,5.0,6.0,0.0,0.0,2.0,4.0,2.0,0.0,0.0,0.4,0.8,0.3333333333333333,2025-07-31 13:00:00,2025-10-30 14:00:00,2025-07-22 14:00:00,2025-11-20 11:00:00,2025-12-17 15:00:00,155,64,164,43,16,0.29411764705882354,0.410958904109589,0.3125,0.15463917525773196,0.6,0.6521739130434783,0.17647058823529413,0.3191489361702128,0.0625,0.16216216216216214,0.5704270749395649,0.3246778350515464,0.47710144927536235,0.1167709637046308,0.05118243243243242,35.67,173,Medium Engagement,rep_visit,True
434,Kelly,Brooks,dermatology,low_value,TERR_21,Colorado Springs,CO,private_practice,1.1,False,Digital-Heavy,0.0,0.0,6.0,3.0,4.0,0.0,0.0,2.0,1.0,0.0,0.0,0.0,0.3333333333333333,0.3333333333333333,0.0,,,2025-07-30 08:00:00,2025-10-10 15:00:00,2025-10-24 14:00:00,,,156,84,70,0.17647058823529413,0.2631578947368421,0.375,0.16129032258064516,0.4,0.3,0.0,0.0,0.0,0.0,0.2722394220846233,0.3114247311827957,0.18,0.0,0.0,18.0,445,Low Engagement,phone_call,True
435,Dustin,Schmidt,primary_care,high_value,TERR_46,Minneapolis,MN,private_practice,2.7,False,In-Person-Heavy,1.0,3.0,11.0,14.0,4.0,0.0,0.0,8.0,10.0,0.0,0.0,0.0,0.7272727272727273,0.7142857142857143,0.0,2025-07-21 08:00:00,2025-11-27 09:00:00,2026-01-02 12:00:00,2025-12-25 17:00:00,2025-09-15 12:00:00,165,36,0,8,109,0.8235294117647058,0.7894736842105263,0.6875,1.0,0.4,0.21582733812949642,0.17647058823529413,0.45454545454545453,0.0625,0.15384615384615385,0.7620964175143742,0.7698863636363635,0.16316546762589929,0.14385026737967915,0.049519230769230774,44.42,40,High Engagement,phone_call,True
436,Ashlee,Sparks,primary_care,medium_value,TERR_08,San Diego,CA,private_practice,0.7,False,Mixed,6.0,9.0,4.0,0.0,2.0,1.0,4.0,0.0,0.0,0.0,0.16666666666666666,0.4444444444444444,0.0,0.0,0.0,2025-11-26 16:00:00,2025-12-25 12:00:00,2025-11-11 08:00:00,,2025-06-09 17:00:00,37,8,52,,207,0.0,0.0,0.25,0.36585365853658536,0.2,0.12658227848101264,0.5294117647058824,0.7894736842105263,0.375,0.44776119402985076,0.0,0.14817073170731707,0.08531645569620253,0.5389404884760922,0.2853855721393035,17.03,456,Low Engagement,email,True
437,George,Miller,dermatology,medium_value,TERR_39,Memphis,TN,clinic,4.2,False,Digital-Heavy,3.0,1.0,5.0,15.0,4.0,0.0,0.0,2.0,10.0,1.0,0.0,0.0,0.4,0.6666666666666666,0.25,2025-12-01 14:00:00,2025-10-17 13:00:00,2025-08-29 12:00:00,2025-12-30 11:00:00,2025-09-03 13:00:00,32,77,126,3,121,0.8823529411764706,0.9090909090909091,0.3125,0.1923076923076923,0.4,0.19867549668874174,0.058823529411764705,0.2803738317757009,0.1875,0.48387096774193555,0.7798573975044563,0.3322115384615385,0.2847350993377483,0.0737218251786696,0.15302419354838712,39.14,112,Medium Engagement,rep_visit,True
438,Monica,Harvey,oncology,low_value,TERR_46,Nashville,TN,cancer_center,0.8,False,Mixed,5.0,1.0,4.0,2.0,4.0,1.0,1.0,0.0,1.0,0.0,0.2,1.0,0.0,0.5,0.0,2025-12-04 11:00:00,2025-05-07 11:00:00,2025-10-29 15:00:00,2025-05-02 11:00:00,2025-09-29 16:00:00,29,240,65,245,95,0.11764705882352941,0.1090909090909091,0.25,0.31578947368421056,0.4,0.24000000000000005,0.058823529411764705,0.1111111111111111,0.3125,0.5084745762711864,0.30711229946524066,0.13815789473684212,0.168,0.5398692810457517,0.29544491525423733,27.87,295,Medium Engagement,email,True
439,John,Durham,dermatology,medium_value,TERR_04,Baltimore,MD,hospital,3.7,False,Digital-Heavy,4.0,5.0,4.0,2.0,6.0,0.0,0.0,1.0,2.0,0.0,0.0,0.0,0.25,1.0,0.0,2025-10-21 15:00:00,2025-12-23 12:00:00,2025-11-03 14:00:00,2025-03-20 16:00:00,2025-12-31 08:00:00,73,10,60,288,2,0.11764705882352941,0.09433962264150944,0.25,0.3333333333333333,0.6,0.9375,0.29411764705882354,0.75,0.25,0.29126213592233013,0.5541620421753607,0.26666666666666666,0.3675,0.2382352941176471,0.13325242718446603,34.88,185,Medium Engagement,rep_visit,True
440,Douglas,Murray,primary_care,low_value,TERR_19,Wichita,KS,private_practice,3.7,False,Mixed,1.0,0.0,6.0,3.0,3.0,0.0,0.0,1.0,3.0,0.0,0.0,0.0,0.16666666666666666,1.0,0.0,2025-05-05 14:00:00,,2025-09-01 16:00:00,2025-07-28 16:00:00,2025-10-27 16:00:00,242,,123,158,67,0.17647058823529413,0.1595744680851064,0.375,0.19607843137254904,0.3,0.30927835051546393,0.0,0.0,0.0625,0.11029411764705882,0.5848560700876095,0.2350490196078431,0.15185567010309278,0.0,0.040808823529411765,25.9,336,Medium Engagement,rep_visit,True
441,Jonathan,Scott,endocrinology,high_value,TERR_41,Colorado Springs,CO,clinic,0.5,False,In-Person-Heavy,0.0,2.0,4.0,11.0,1.0,0.0,1.0,2.0,6.0,0.0,0.0,0.5,0.5,0.5454545454545454,0.0,,2025-11-26 10:00:00,2025-12-22 10:00:00,2025-11-05 14:00:00,2025-12-16 12:00:00,,37,11,58,17,0.6470588235294118,0.3409090909090909,0.25,0.7317073170731707,0.1,0.6382978723404256,0.11764705882352941,0.44776119402985076,0.0,0.0,0.5350267379679143,0.4713414634146341,0.15765957446808512,0.374846356453029,0.0,34.25,193,Medium Engagement,rep_visit,True
442,Albert,Ballard,oncology,medium_value,TERR_02,Austin,TX,cancer_center,1.5,False,Digital-Heavy,8.0,3.0,5.0,1.0,1.0,3.0,1.0,3.0,0.0,0.0,0.375,0.3333333333333333,0.6,0.0,0.0,2025-12-16 17:00:00,2025-11-10 08:00:00,2025-09-16 10:00:00,2025-10-17 09:00:00,2025-11-17 12:00:00,17,53,108,77,46,0.058823529411764705,0.2803738317757009,0.3125,0.2173913043478261,0.1,0.39473684210526316,0.17647058823529413,0.3614457831325301,0.5,0.6382978723404256,0.0737218251786696,0.43722826086956523,0.10894736842105264,0.29189699976376093,0.46515957446808515,24.49,358,Medium Engagement,digital_ad,True
443,Rachel,Byrd,dermatology,low_value,TERR_28,Chicago,IL,private_practice,3.1,False,Digital-Heavy,3.0,4.0,4.0,4.0,1.0,0.0,0.0,0.0,3.0,0.0,0.0,0.0,0.0,0.75,0.0,2025-08-08 12:00:00,2025-06-10 09:00:00,2025-09-10 15:00:00,2025-11-06 13:00:00,2025-04-09 11:00:00,147,206,114,57,268,0.23529411764705882,0.3448275862068966,0.25,0.20833333333333334,0.1,0.10067114093959731,0.23529411764705882,0.1271186440677966,0.1875,0.1694915254237288,0.514553752535497,0.11666666666666667,0.05013422818791946,0.09601196410767697,0.09014830508474575,21.57,403,Medium Engagement,rep_visit,True
444,Eric,Alexander,endocrinology,medium_value,TERR_29,Atlanta,GA,clinic,1.8,False,Mixed,6.0,9.0,5.0,4.0,5.0,0.0,3.0,1.0,2.0,3.0,0.0,0.3333333333333333,0.2,0.5,0.6,2025-11-17 11:00:00,2025-09-17 16:00:00,2025-12-10 08:00:00,2025-12-03 11:00:00,2025-07-22 08:00:00,46,107,23,30,164,0.23529411764705882,0.5,0.3125,0.5660377358490566,0.5,0.15463917525773196,0.5294117647058824,0.21897810218978103,0.375,0.39473684210526316,0.4205882352941176,0.30695754716981133,0.48092783505154635,0.36928581651638753,0.19144736842105264,36.79,152,Medium Engagement,webinar,True
445,Michael,Matthews,cardiology,low_value,TERR_35,Miami,FL,hospital,4.4,False,Digital-Heavy,9.0,10.0,2.0,2.0,3.0,1.0,0.0,1.0,0.0,1.0,0.1111111111111111,0.0,0.5,0.0,0.3333333333333333,2025-12-25 15:00:00,2025-10-08 12:00:00,2025-12-31 16:00:00,2025-12-09 11:00:00,2025-10-01 13:00:00,8,86,2,24,93,0.11764705882352941,0.5555555555555556,0.125,0.9375,0.3,0.24390243902439027,0.5882352941176471,0.25862068965517243,0.5625,0.7894736842105263,0.14640522875816994,0.475,0.3054471544715447,0.22819472616632863,0.38220029239766085,29.16,270,Medium Engagement,phone_call,True
446,Danielle,Coleman,primary_care,high_value,TERR_37,Boston,MA,private_practice,2.5,False,Digital-Heavy,9.0,10.0,1.0,1.0,5.0,0.0,0.0,1.0,0.0,0.0,0.0,0.0,1.0,0.0,0.0,2025-11-21 10:00:00,2025-11-07 12:00:00,2025-03-05 13:00:00,2025-03-21 09:00:00,2025-11-25 12:00:00,42,56,303,287,38,0.058823529411764705,0.09463722397476342,0.0625,0.0900900900900901,0.5,0.4411764705882353,0.5882352941176471,0.3488372093023256,0.5625,0.4166666666666667,0.03657450361848209,0.5367680180180181,0.23823529411764705,0.24623803009575923,0.2520833333333333,24.07,367,Medium Engagement,phone_call,True
447,John,Bruce,primary_care,high_value,TERR_36,Sacramento,CA,private_practice,4.4,False,Digital-Heavy,9.0,8.0,4.0,2.0,7.0,0.0,2.0,2.0,0.0,1.0,0.0,0.25,0.5,0.0,0.14285714285714285,2025-12-24 10:00:00,2025-09-18 09:00:00,2025-11-13 12:00:00,2025-08-22 16:00:00,2025-11-20 11:00:00,9,106,50,133,43,0.11764705882352941,0.18404907975460122,0.25,0.37499999999999994,0.7,0.410958904109589,0.47058823529411764,0.22058823529411764,0.5625,0.7692307692307692,0.07210393359797906,0.4,0.3636203522504892,0.31029411764705883,0.3225961538461538,26.93,314,Medium Engagement,phone_call,True
448,James,Cruz,dermatology,low_value,TERR_30,Oakland,CA,private_practice,2.3,False,In-Person-Heavy,5.0,4.0,2.0,1.0,4.0,2.0,2.0,0.0,0.0,0.0,0.4,0.5,0.0,0.0,0.0,2025-11-05 11:00:00,2025-08-07 09:00:00,2025-08-20 08:00:00,2025-10-07 11:00:00,2025-11-26 14:00:00,58,148,135,87,37,0.058823529411764705,0.25641025641025644,0.125,0.18181818181818182,0.4,0.44776119402985076,0.23529411764705882,0.16853932584269662,0.3125,0.3409090909090909,0.0689291101055807,0.07386363636363637,0.20955223880597015,0.3542961004626569,0.3619318181818182,18.48,439,Low Engagement,digital_ad,True
449,Timothy,Young,oncology,low_value,TERR_23,Virginia Beach,VA,hospital,5.0,False,In-Person-Heavy,3.0,5.0,4.0,2.0,3.0,0.0,1.0,3.0,0.0,2.0,0.0,0.2,0.75,0.0,0.6666666666666666,2025-12-16 10:00:00,2025-12-11 16:00:00,2025-07-25 11:00:00,2025-10-01 15:00:00,2025-09-17 10:00:00,17,22,161,93,107,0.11764705882352941,0.24390243902439027,0.25,0.15706806282722513,0.3,0.21897810218978103,0.29411764705882354,0.5769230769230769,0.1875,0.6382978723404256,0.08407460545193687,0.481413612565445,0.46712895377128955,0.3036199095022624,0.18390957446808512,28.81,272,Medium Engagement,phone_call,True
450,Ashley,Andrews,cardiology,medium_value,TERR_36,Tucson,AZ,hospital,3.5,False,Digital-Heavy,1.0,2.0,11.0,7.0,6.0,0.0,0.0,3.0,4.0,2.0,0.0,0.0,0.2727272727272727,0.5714285714285714,0.3333333333333333,2025-12-25 10:00:00,2025-09-03 13:00:00,2026-01-02 13:00:00,2025-10-28 13:00:00,2025-10-24 17:00:00,8,121,0,66,70,0.4117647058823529,0.3125,0.6875,1.0,0.6,0.3,0.11764705882352941,0.19867549668874174,0.0625,0.7894736842105263,0.4717436974789916,0.5426136363636364,0.4066666666666667,0.07502921698480718,0.17664473684210527,36.91,146,Medium Engagement,phone_call,True
451,Victoria,Phillips,oncology,low_value,TERR_29,San Jose,CA,hospital,1.4,False,Digital-Heavy,3.0,11.0,1.0,1.0,7.0,1.0,2.0,1.0,0.0,0.0,0.3333333333333333,0.18181818181818182,1.0,0.0,0.0,2025-12-18 10:00:00,2025-12-24 13:00:00,2025-12-01 11:00:00,2025-02-20 08:00:00,2025-12-30 11:00:00,15,9,32,316,3,0.058823529411764705,0.08670520231213873,0.0625,0.48387096774193555,0.7,0.9090909090909091,0.6470588235294118,0.7692307692307692,0.1875,0.6666666666666666,0.034988099285957155,0.6155241935483872,0.39181818181818184,0.4388728918140683,0.35624999999999996,33.12,211,Medium Engagement,phone_call,True
452,Tiffany,Barrett,endocrinology,high_value,TERR_47,Milwaukee,WI,private_practice,3.6,False,Digital-Heavy,4.0,8.0,8.0,3.0,4.0,0.0,1.0,4.0,1.0,1.0,0.0,0.125,0.5,0.3333333333333333,0.25,2025-10-22 10:00:00,2025-07-31 10:00:00,2025-11-10 15:00:00,2025-10-30 16:00:00,2025-09-05 17:00:00,72,155,53,64,119,0.17647058823529413,0.3191489361702128,0.5,0.3614457831325301,0.4,0.20134228187919462,0.47058823529411764,0.16216216216216214,0.25,0.29411764705882354,0.28343763037129743,0.47228915662650606,0.2852684563758389,0.23610890302066773,0.1338235294117647,29.2,269,Medium Engagement,phone_call,True
453,Joshua,Knight,cardiology,high_value,TERR_34,New Orleans,LA,private_practice,4.2,False,Digital-Heavy,8.0,7.0,7.0,1.0,3.0,3.0,0.0,2.0,0.0,1.0,0.375,0.0,0.2857142857142857,0.0,0.3333333333333333,2025-12-15 08:00:00,2025-11-18 12:00:00,2025-11-13 11:00:00,2025-07-01 12:00:00,2025-09-03 09:00:00,18,45,50,185,121,0.058823529411764705,0.13953488372093023,0.4375,0.37499999999999994,0.3,0.19867549668874174,0.4117647058823529,0.4,0.5,0.625,0.04555403556771546,0.3491071428571429,0.29640176600441503,0.2035294117647059,0.4625,24.27,363,Medium Engagement,digital_ad,True
454,Gina,Garner,endocrinology,medium_value,TERR_31,Houston,TX,clinic,5.2,False,In-Person-Heavy,7.0,10.0,3.0,1.0,3.0,1.0,4.0,0.0,0.0,0.0,0.14285714285714285,0.4,0.0,0.0,0.0,2025-10-28 11:00:00,2025-12-25 14:00:00,2025-12-18 12:00:00,2025-03-04 12:00:00,2026-01-02 15:00:00,66,8,15,304,0,0.058823529411764705,0.08982035928143713,0.1875,0.6666666666666666,0.3,1.0,0.5882352941176471,0.7894736842105263,0.4375,0.3125,0.03561113067981683,0.18958333333333333,0.29000000000000004,0.5343653250773994,0.26517857142857143,22.65,387,Medium Engagement,email,True
455,Brandon,Obrien,primary_care,low_value,TERR_11,Minneapolis,MN,private_practice,2.8,False,Mixed,1.0,2.0,3.0,10.0,2.0,0.0,0.0,0.0,4.0,0.0,0.0,0.0,0.0,0.4,0.0,2025-02-06 16:00:00,2025-06-18 08:00:00,2025-11-12 15:00:00,2025-11-20 14:00:00,2025-12-26 15:00:00,330,198,51,43,7,0.5882352941176471,0.410958904109589,0.1875,0.37037037037037035,0.2,0.8108108108108107,0.11764705882352941,0.13157894736842105,0.0625,0.08333333333333333,0.4586623690572119,0.13032407407407406,0.22216216216216217,0.06160990712074303,0.035416666666666666,22.26,396,Medium Engagement,rep_visit,True
456,Tyler,Strong,endocrinology,high_value,TERR_43,Las Vegas,NV,private_practice,2.1,False,Digital-Heavy,9.0,6.0,3.0,2.0,4.0,1.0,2.0,0.0,0.0,2.0,0.1111111111111111,0.3333333333333333,0.0,0.0,0.5,2025-12-16 14:00:00,2025-08-11 14:00:00,2025-06-26 16:00:00,2025-11-17 15:00:00,2025-06-03 12:00:00,17,144,190,46,213,0.11764705882352941,0.39473684210526316,0.1875,0.13636363636363638,0.4,0.1234567901234568,0.35294117647058826,0.1724137931034483,0.5625,0.6382978723404256,0.11424148606811146,0.08352272727272728,0.39469135802469135,0.3070317782285328,0.35196513002364066,22.88,384,Medium Engagement,webinar,True
457,Justin,Lindsey,oncology,high_value,TERR_42,Mesa,AZ,hospital,2.7,False,Digital-Heavy,2.0,7.0,6.0,14.0,4.0,1.0,0.0,1.0,10.0,2.0,0.5,0.0,0.16666666666666666,0.7142857142857143,0.5,2025-03-14 16:00:00,2025-12-23 13:00:00,2025-10-03 10:00:00,2025-12-30 17:00:00,2025-12-01 13:00:00,294,10,91,3,32,0.8235294117647058,0.9090909090909091,0.375,0.24793388429752067,0.4,0.48387096774193555,0.4117647058823529,0.75,0.125,0.09259259259259259,0.7860198624904506,0.24542011019283744,0.4667741935483871,0.2735294117647059,0.30601851851851847,46.52,17,High Engagement,rep_visit,True
458,Catherine,Gomez,oncology,low_value,TERR_37,Sacramento,CA,hospital,0.5,False,Digital-Heavy,4.0,0.0,5.0,5.0,3.0,1.0,0.0,1.0,3.0,1.0,0.25,0.0,0.2,0.6,0.3333333333333333,2025-10-23 13:00:00,,2025-04-22 15:00:00,2025-09-24 08:00:00,2025-11-19 15:00:00,71,,255,100,44,0.29411764705882354,0.23076923076923073,0.3125,0.10526315789473684,0.3,0.4054054054054054,0.0,0.0,0.25,0.297029702970297,0.4343891402714932,0.21480263157894738,0.33774774774774774,0.0,0.2594059405940594,27.97,293,Medium Engagement,rep_visit,True
459,Dana,Oliver,endocrinology,high_value,TERR_17,Minneapolis,MN,hospital,3.1,False,Mixed,3.0,6.0,8.0,9.0,3.0,0.0,0.0,3.0,8.0,0.0,0.0,0.0,0.375,0.8888888888888888,0.0,2025-05-09 17:00:00,2025-12-09 12:00:00,2025-11-28 10:00:00,2025-11-19 08:00:00,2025-10-08 15:00:00,238,24,35,44,86,0.5294117647058824,0.4054054054054054,0.5,0.46153846153846145,0.3,0.25862068965517243,0.35294117647058826,0.5555555555555556,0.1875,0.11194029850746269,0.6843490549372901,0.42980769230769234,0.1417241379310345,0.2169934640522876,0.07863805970149254,36.4,164,Medium Engagement,rep_visit,True
460,Erica,Le,endocrinology,medium_value,TERR_13,Fresno,CA,hospital,1.6,False,Mixed,0.0,1.0,6.0,2.0,3.0,0.0,0.0,3.0,1.0,1.0,0.0,0.0,0.5,0.5,0.3333333333333333,,2025-06-19 17:00:00,2025-09-10 10:00:00,2025-09-04 10:00:00,2025-12-11 16:00:00,,197,114,120,22,0.11764705882352941,0.2,0.375,0.20833333333333334,0.3,0.5769230769230769,0.058823529411764705,0.13215859030837004,0.0,0.0,0.32529411764705884,0.4041666666666667,0.372051282051282,0.044078776885203425,0.0,25.94,334,Medium Engagement,phone_call,True
461,Donna,Massey,dermatology,medium_value,TERR_32,Minneapolis,MN,clinic,0.5,False,Mixed,3.0,2.0,7.0,11.0,8.0,0.0,2.0,1.0,8.0,0.0,0.0,1.0,0.14285714285714285,0.7272727272727273,0.0,2025-09-11 14:00:00,2025-12-11 17:00:00,2025-12-05 08:00:00,2025-11-13 15:00:00,2025-11-06 09:00:00,113,22,28,50,57,0.6470588235294118,0.37499999999999994,0.4375,0.5172413793103449,0.8,0.3448275862068966,0.11764705882352941,0.5769230769230769,0.1875,0.2097902097902098,0.6327540106951871,0.30612684729064044,0.30896551724137933,0.6506787330316742,0.09820804195804195,42.52,60,High Engagement,email,True
462,Courtney,Berger,cardiology,low_value,TERR_44,Boston,MA,private_practice,2.0,False,Digital-Heavy,3.0,4.0,7.0,5.0,2.0,0.0,1.0,2.0,0.0,1.0,0.0,0.25,0.2857142857142857,0.0,0.5,2025-06-26 12:00:00,2025-08-01 14:00:00,2025-12-01 16:00:00,2025-09-30 16:00:00,2025-11-06 14:00:00,190,154,32,94,57,0.29411764705882354,0.24193548387096778,0.4375,0.48387096774193555,0.2,0.3448275862068966,0.23529411764705882,0.16304347826086957,0.1875,0.13636363636363638,0.13662239089184064,0.37088133640553,0.37896551724137933,0.22819693094629157,0.08352272727272728,23.77,373,Medium Engagement,webinar,True
463,Debbie,Parker,endocrinology,low_value,TERR_35,Fort Worth,TX,hospital,3.2,False,Digital-Heavy,2.0,3.0,3.0,1.0,1.0,0.0,1.0,0.0,1.0,0.0,0.0,0.3333333333333333,0.0,1.0,0.0,2025-08-07 16:00:00,2025-12-29 09:00:00,2025-12-02 11:00:00,2025-03-14 17:00:00,2025-02-06 09:00:00,148,4,31,294,330,0.058823529411764705,0.09259259259259259,0.1875,0.49180327868852464,0.1,0.08333333333333333,0.17647058823529413,0.8823529411764706,0.125,0.16853932584269662,0.536165577342048,0.15461065573770494,0.04666666666666666,0.39607843137254906,0.07120786516853933,27.12,308,Medium Engagement,rep_visit,True
464,Scott,Riley,oncology,high_value,TERR_17,Sacramento,CA,hospital,1.0,False,Digital-Heavy,5.0,6.0,3.0,6.0,5.0,1.0,2.0,0.0,4.0,3.0,0.2,0.3333333333333333,0.0,0.6666666666666666,0.6,2025-10-13 16:00:00,2025-11-19 12:00:00,2025-10-27 11:00:00,2025-12-08 12:00:00,2025-12-23 15:00:00,81,44,67,25,10,0.35294117647058826,0.5454545454545454,0.1875,0.30927835051546393,0.5,0.75,0.35294117647058826,0.4054054054054054,0.3125,0.27027027027027023,0.5483065953654189,0.11810567010309278,0.6,0.3536301006889242,0.24780405405405406,39.83,96,Medium Engagement,webinar,True
465,Jessica,Davis,endocrinology,medium_value,TERR_39,Boston,MA,private_practice,2.5,False,Digital-Heavy,4.0,3.0,4.0,0.0,3.0,0.0,1.0,0.0,0.0,2.0,0.0,0.3333333333333333,0.0,0.0,0.6666666666666666,2025-11-21 11:00:00,2025-12-18 08:00:00,2025-12-09 08:00:00,,2025-09-05 11:00:00,42,15,24,,119,0.0,0.0,0.25,0.5555555555555556,0.3,0.20134228187919462,0.17647058823529413,0.6666666666666666,0.25,0.4166666666666667,0.0,0.18611111111111112,0.46360178970917226,0.3529411764705882,0.15833333333333333,20.66,415,Medium Engagement,webinar,True
466,Kenneth,Burgess,endocrinology,medium_value,TERR_19,Las Vegas,NV,hospital,2.4,False,In-Person-Heavy,3.0,3.0,6.0,4.0,2.0,0.0,1.0,2.0,1.0,1.0,0.0,0.3333333333333333,0.3333333333333333,0.25,0.5,2025-07-25 09:00:00,2025-06-19 17:00:00,2025-12-31 16:00:00,2025-10-24 13:00:00,2025-11-24 16:00:00,161,197,2,70,39,0.23529411764705882,0.3,0.375,0.9375,0.2,0.4347826086956522,0.17647058823529413,0.13215859030837004,0.1875,0.15706806282722513,0.25558823529411767,0.4666666666666667,0.39695652173913043,0.24603956119892892,0.08766361256544503,29.95,260,Medium Engagement,phone_call,True
467,Gregory,Anderson,dermatology,high_value,TERR_11,Colorado Springs,CO,clinic,2.0,False,Mixed,1.0,4.0,10.0,17.0,3.0,0.0,0.0,4.0,12.0,3.0,0.0,0.0,0.4,0.7058823529411765,1.0,2025-08-11 08:00:00,2025-11-13 16:00:00,2025-12-24 11:00:00,2025-12-30 08:00:00,2025-09-10 16:00:00,144,50,9,3,114,1.0,0.9090909090909091,0.625,0.7692307692307692,0.3,0.20833333333333334,0.23529411764705882,0.37499999999999994,0.0625,0.1724137931034483,0.83475935828877,0.5413461538461539,0.6316666666666666,0.14558823529411763,0.05323275862068966,51.49,3,High Engagement,rep_visit,True
468,Amber,Mata,endocrinology,medium_value,TERR_41,Tulsa,OK,private_practice,2.7,False,Mixed,5.0,13.0,3.0,1.0,6.0,1.0,6.0,1.0,0.0,4.0,0.2,0.46153846153846156,0.3333333333333333,0.0,0.6666666666666666,2025-12-16 10:00:00,2025-11-25 13:00:00,2025-08-29 10:00:00,2025-07-01 12:00:00,2025-10-17 17:00:00,17,38,126,185,77,0.058823529411764705,0.13953488372093023,0.1875,0.1923076923076923,0.6,0.2803738317757009,0.7647058823529411,0.4411764705882353,0.3125,0.6382978723404256,0.04555403556771546,0.2613782051282051,0.5694080996884735,0.5484162895927601,0.32140957446808516,31.03,245,Medium Engagement,webinar,True
469,Alyssa,Mcintyre,oncology,medium_value,TERR_44,Albuquerque,NM,private_practice,5.3,False,Mixed,3.0,6.0,9.0,11.0,5.0,0.0,1.0,1.0,9.0,1.0,0.0,0.16666666666666666,0.1111111111111111,0.8181818181818182,0.2,2025-12-16 17:00:00,2025-12-05 11:00:00,2025-10-08 11:00:00,2025-11-25 11:00:00,2026-01-01 13:00:00,17,28,86,38,1,0.6470588235294118,0.4411764705882353,0.5625,0.25862068965517243,0.5,0.9677419354838709,0.35294117647058826,0.5172413793103449,0.1875,0.6382978723404256,0.6914438502673798,0.27602969348659,0.4435483870967742,0.29266396213657875,0.18390957446808512,42.28,64,High Engagement,rep_visit,True
470,Maria,Scott,oncology,low_value,TERR_24,Nashville,TN,hospital,2.8,False,Digital-Heavy,6.0,5.0,2.0,1.0,2.0,1.0,0.0,0.0,1.0,1.0,0.16666666666666666,0.0,0.0,1.0,0.5,2025-12-16 17:00:00,2025-11-13 10:00:00,2025-12-23 13:00:00,2025-10-09 09:00:00,2025-08-08 12:00:00,17,50,10,85,147,0.058823529411764705,0.2608695652173913,0.125,0.75,0.2,0.1694915254237288,0.29411764705882354,0.37499999999999994,0.375,0.6382978723404256,0.5698209718670078,0.18750000000000003,0.3438983050847458,0.16323529411764706,0.32349290780141843,35.02,184,Medium Engagement,rep_visit,True
471,Makayla,Olson,cardiology,low_value,TERR_14,Las Vegas,NV,hospital,4.4,False,In-Person-Heavy,0.0,1.0,6.0,5.0,0.0,0.0,0.0,4.0,3.0,0.0,0.0,0.0,0.6666666666666666,0.6,0.0,,2025-10-06 10:00:00,2025-07-29 11:00:00,2025-12-25 14:00:00,,,88,157,8,,0.29411764705882354,0.7894736842105263,0.375,0.16042780748663102,0.0,0.0,0.058823529411764705,0.2542372881355932,0.0,0.0,0.5461300309597523,0.4779188948306595,0.0,0.06849451645064805,0.0,26.97,313,Medium Engagement,rep_visit,True
472,Lindsay,Francis,oncology,low_value,TERR_47,Houston,TX,hospital,3.1,True,Digital-Heavy,5.0,0.0,0.0,0.0,2.0,0.0,0.0,0.0,0.0,2.0,0.0,0.0,0.0,0.0,1.0,2025-12-08 13:00:00,,,,2025-08-28 11:00:00,25,,,,127,0.0,0.0,0.0,0.0,0.2,0.19108280254777069,0.0,0.0,0.3125,0.5454545454545454,0.0,0.0,0.5982165605095542,0.0,0.20284090909090907,15.01,469,Low Engagement,Do Not Contact,False
473,Matthew,Wilson,dermatology,low_value,TERR_08,Denver,CO,private_practice,0.5,True,Digital-Heavy,1.0,0.0,0.0,4.0,1.0,0.0,0.0,0.0,2.0,0.0,0.0,0.0,0.0,0.5,0.0,2025-04-18 13:00:00,,,2026-01-01 14:00:00,2025-09-29 10:00:00,259,,,1,95,0.23529411764705882,0.9677419354838709,0.0,0.0,0.1,0.24000000000000005,0.0,0.0,0.0625,0.10380622837370243,0.5141366223908919,0.0,0.07800000000000001,0.0,0.039511245674740486,17.58,450,Low Engagement,Do Not Contact,False
474,Sydney,Taylor,cardiology,high_value,TERR_46,Milwaukee,WI,private_practice,4.2,False,Mixed,14.0,11.0,4.0,1.0,2.0,3.0,0.0,2.0,0.0,1.0,0.21428571428571427,0.0,0.5,0.0,0.5,2025-11-17 12:00:00,2025-12-03 12:00:00,2025-12-12 12:00:00,2025-09-12 12:00:00,2025-12-22 10:00:00,46,30,21,112,11,0.058823529411764705,0.2112676056338028,0.25,0.5882352941176471,0.2,0.7317073170731707,0.6470588235294118,0.5,0.875,0.39473684210526316,0.059900579950289974,0.44264705882352945,0.4563414634146341,0.29411764705882354,0.4485902255639098,30.92,246,Medium Engagement,webinar,True
475,Tammy,Dalton,oncology,high_value,TERR_42,Boston,MA,hospital,4.2,False,Digital-Heavy,0.0,4.0,10.0,10.0,1.0,0.0,1.0,6.0,5.0,1.0,0.0,0.25,0.6,0.5,1.0,,2025-12-19 09:00:00,2025-11-26 16:00:00,2025-12-01 16:00:00,2025-10-01 08:00:00,,14,37,32,93,0.5882352941176471,0.48387096774193555,0.625,0.44776119402985076,0.1,0.24390243902439027,0.23529411764705882,0.6818181818181818,0.0,0.0,0.5232447817836813,0.5770522388059701,0.5787804878048781,0.33195187165775397,0.0,43.79,44,High Engagement,webinar,True
476,Jennifer,Whitney,endocrinology,high_value,TERR_30,Baltimore,MD,hospital,4.5,False,In-Person-Heavy,8.0,10.0,6.0,2.0,3.0,0.0,5.0,0.0,1.0,0.0,0.0,0.5,0.0,0.5,0.0,2025-10-10 10:00:00,2025-12-08 14:00:00,2025-09-30 15:00:00,2025-04-22 12:00:00,2025-09-05 08:00:00,84,25,94,255,119,0.11764705882352941,0.10526315789473684,0.375,0.24193548387096778,0.3,0.20134228187919462,0.5882352941176471,0.5454545454545454,0.5,0.2631578947368421,0.3063467492260062,0.16088709677419355,0.13026845637583892,0.5355614973262033,0.2026315789473684,26.09,330,Medium Engagement,email,True
477,Tammy,Ballard,cardiology,high_value,TERR_07,Chicago,IL,clinic,2.0,False,Digital-Heavy,0.0,2.0,11.0,11.0,3.0,0.0,1.0,9.0,7.0,1.0,0.0,0.5,0.8181818181818182,0.6363636363636364,0.3333333333333333,,2025-05-13 11:00:00,2026-01-01 17:00:00,2025-12-16 10:00:00,2025-11-12 16:00:00,,234,1,17,51,0.6470588235294118,0.6382978723404256,0.6875,0.9677419354838709,0.3,0.37037037037037035,0.11764705882352941,0.11363636363636363,0.0,0.0,0.6399590397087269,0.8088892961876832,0.3307407407407407,0.3080213903743315,0.0,46.61,15,High Engagement,phone_call,True
478,Michael,Gibbs,primary_care,high_value,TERR_15,Mesa,AZ,private_practice,4.1,False,In-Person-Heavy,6.0,7.0,9.0,6.0,6.0,1.0,2.0,2.0,3.0,2.0,0.16666666666666666,0.2857142857142857,0.2222222222222222,0.5,0.3333333333333333,2025-09-19 09:00:00,2025-11-20 13:00:00,2025-12-18 08:00:00,2025-12-23 09:00:00,2025-10-10 12:00:00,105,43,15,10,84,0.35294117647058826,0.75,0.5625,0.6666666666666666,0.6,0.2631578947368421,0.4117647058823529,0.410958904109589,0.375,0.2222222222222222,0.5058823529411764,0.4131944444444444,0.3992982456140351,0.34857833544376654,0.24027777777777776,40.26,91,High Engagement,rep_visit,True
479,Alexander,Herrera,dermatology,medium_value,TERR_36,Sacramento,CA,clinic,2.2,False,Mixed,14.0,8.0,3.0,1.0,4.0,1.0,1.0,1.0,1.0,0.0,0.07142857142857142,0.125,0.3333333333333333,1.0,0.0,2025-12-08 17:00:00,2025-12-22 17:00:00,2025-09-24 12:00:00,2025-02-04 13:00:00,2025-08-21 16:00:00,25,11,100,332,134,0.058823529411764705,0.08287292817679558,0.1875,0.23076923076923073,0.4,0.18292682926829268,0.47058823529411764,0.7317073170731707,0.875,0.5454545454545454,0.5342216444588885,0.2690705128205128,0.15658536585365854,0.3500179340028694,0.4073051948051948,35.9,170,Medium Engagement,rep_visit,True
480,Shawn,Chambers,oncology,high_value,TERR_34,Tulsa,OK,hospital,3.9,False,Digital-Heavy,4.0,9.0,7.0,5.0,2.0,0.0,2.0,2.0,3.0,0.0,0.0,0.2222222222222222,0.2857142857142857,0.6,0.0,2025-12-18 14:00:00,2025-12-03 13:00:00,2025-12-30 09:00:00,2025-11-12 15:00:00,2025-04-23 15:00:00,15,30,3,51,254,0.29411764705882354,0.37037037037037035,0.4375,0.9090909090909091,0.2,0.1056338028169014,0.5294117647058824,0.5,0.25,0.6666666666666666,0.46230936819172114,0.4559253246753247,0.08112676056338028,0.36993464052287583,0.20833333333333331,33.28,207,Medium Engagement,rep_visit,True
481,Emily,Richards,endocrinology,high_value,TERR_13,Minneapolis,MN,private_practice,2.9,False,Mixed,2.0,7.0,8.0,2.0,8.0,0.0,2.0,1.0,2.0,2.0,0.0,0.2857142857142857,0.125,1.0,0.25,2025-11-03 10:00:00,2025-10-07 16:00:00,2026-01-01 11:00:00,2025-11-10 09:00:00,2025-12-16 12:00:00,60,87,1,53,17,0.11764705882352941,0.3614457831325301,0.5,0.9677419354838709,0.8,0.6382978723404256,0.4117647058823529,0.25641025641025644,0.125,0.3333333333333333,0.6075832742735648,0.40604838709677415,0.4926595744680851,0.3176686059039,0.10416666666666666,42.53,58,High Engagement,rep_visit,True
482,Lynn,Bentley,oncology,low_value,TERR_38,San Francisco,CA,hospital,3.9,False,Digital-Heavy,3.0,4.0,2.0,4.0,1.0,0.0,0.0,0.0,4.0,0.0,0.0,0.0,0.0,1.0,0.0,2025-10-20 10:00:00,2025-09-30 14:00:00,2025-05-12 13:00:00,2026-01-01 11:00:00,2025-03-20 09:00:00,74,94,235,1,288,0.23529411764705882,0.9677419354838709,0.125,0.11320754716981134,0.1,0.09433962264150944,0.23529411764705882,0.24193548387096778,0.1875,0.28846153846153844,0.7641366223908919,0.060141509433962265,0.04886792452830189,0.11897533206831121,0.11394230769230768,28.6,278,Medium Engagement,rep_visit,True
483,Daniel,Hall,oncology,low_value,TERR_02,Los Angeles,CA,hospital,3.8,False,In-Person-Heavy,4.0,4.0,5.0,4.0,6.0,0.0,0.0,1.0,1.0,1.0,0.0,0.0,0.2,0.25,0.16666666666666666,2025-10-20 15:00:00,2025-11-26 15:00:00,2025-10-07 13:00:00,2025-11-18 12:00:00,2026-01-02 15:00:00,74,37,87,45,0,0.23529411764705882,0.4,0.3125,0.25641025641025644,0.6,1.0,0.23529411764705882,0.44776119402985076,0.25,0.28846153846153844,0.2755882352941177,0.2450320512820513,0.4633333333333333,0.1601404741000878,0.1326923076923077,26.83,316,Medium Engagement,webinar,True
484,Angel,Henson,oncology,medium_value,TERR_34,Colorado Springs,CO,hospital,4.2,False,Mixed,8.0,10.0,7.0,4.0,6.0,0.0,1.0,2.0,1.0,4.0,0.0,0.1,0.2857142857142857,0.25,0.6666666666666666,2025-12-31 14:00:00,2025-12-01 15:00:00,2025-12-24 13:00:00,2025-08-04 10:00:00,2025-09-10 08:00:00,2,32,9,151,114,0.23529411764705882,0.16574585635359115,0.4375,0.7692307692307692,0.6,0.20833333333333334,0.5882352941176471,0.48387096774193555,0.5,0.9375,0.22873740656483588,0.42795329670329674,0.5549999999999999,0.32324478178368127,0.3375,36.43,163,Medium Engagement,webinar,True
485,Anna,Herman,cardiology,low_value,TERR_29,Colorado Springs,CO,clinic,1.9,False,In-Person-Heavy,2.0,2.0,4.0,1.0,2.0,0.0,1.0,1.0,1.0,2.0,0.0,0.5,0.25,1.0,1.0,2025-11-11 12:00:00,2025-10-08 13:00:00,2025-12-08 16:00:00,2025-06-30 12:00:00,2025-07-22 11:00:00,52,86,25,186,164,0.058823529411764705,0.1388888888888889,0.25,0.5454545454545454,0.2,0.15463917525773196,0.11764705882352941,0.25862068965517243,0.125,0.36585365853658536,0.5454248366013073,0.3090909090909091,0.5909278350515464,0.3370182555780933,0.11067073170731706,41.08,76,High Engagement,webinar,True
486,Jeffrey,Brown,dermatology,low_value,TERR_30,Fort Worth,TX,hospital,2.5,False,Mixed,6.0,4.0,1.0,1.0,2.0,0.0,0.0,0.0,0.0,0.0,0.0,0.0,0.0,0.0,0.0,2025-12-22 11:00:00,2025-12-02 17:00:00,2025-04-04 12:00:00,2025-06-18 10:00:00,2025-07-01 12:00:00,11,31,273,198,185,0.058823529411764705,0.13157894736842105,0.0625,0.09900990099009901,0.2,0.13953488372093023,0.23529411764705882,0.49180327868852464,0.375,0.7317073170731707,0.04396284829721362,0.03855198019801981,0.08790697674418604,0.1689488910318226,0.2588414634146341,10.26,492,Low Engagement,digital_ad,True
487,Madison,Blankenship,dermatology,low_value,TERR_23,Albuquerque,NM,private_practice,1.7,False,Digital-Heavy,1.0,1.0,6.0,4.0,5.0,0.0,0.0,0.0,0.0,1.0,0.0,0.0,0.0,0.0,0.2,2025-12-15 10:00:00,2025-12-12 14:00:00,2025-11-04 10:00:00,2025-09-30 16:00:00,2025-11-26 11:00:00,18,21,59,94,37,0.23529411764705882,0.24193548387096778,0.375,0.33707865168539325,0.5,0.44776119402985076,0.058823529411764705,0.5882352941176471,0.0625,0.625,0.11897533206831121,0.17991573033707864,0.3395522388059702,0.13529411764705884,0.14375,18.14,443,Low Engagement,webinar,True
488,Kevin,Ortiz,oncology,medium_value,TERR_20,Albuquerque,NM,cancer_center,3.7,True,In-Person-Heavy,0.0,0.0,0.0,6.0,1.0,0.0,0.0,0.0,4.0,0.0,0.0,0.0,0.0,0.6666666666666666,0.0,,,,2025-11-06 08:00:00,2025-08-18 14:00:00,,,,57,137,0.35294117647058826,0.3448275862068966,0.0,0.0,0.1,0.17964071856287425,0.0,0.0,0.0,0.0,0.5081812035158891,0.0,0.06592814371257485,0.0,0.0,16.56,459,Low Engagement,Do Not Contact,False
489,Donald,Shah,oncology,high_value,TERR_22,Baltimore,MD,hospital,1.6,False,In-Person-Heavy,9.0,12.0,4.0,2.0,3.0,0.0,3.0,0.0,1.0,0.0,0.0,0.25,0.0,0.5,0.0,2025-12-04 17:00:00,2025-11-18 09:00:00,2025-10-15 11:00:00,2025-12-17 12:00:00,2025-12-26 14:00:00,29,45,79,16,7,0.11764705882352941,0.6521739130434783,0.25,0.27522935779816515,0.3,0.8108108108108107,0.7058823529411765,0.4,0.5625,0.5084745762711864,0.4157289002557545,0.13004587155963304,0.25216216216216214,0.416764705882353,0.2704449152542373,30.42,250,Medium Engagement,email,True
490,Kevin,Vasquez,endocrinology,high_value,TERR_18,Jacksonville,FL,private_practice,1.6,False,Mixed,11.0,11.0,3.0,2.0,6.0,2.0,2.0,0.0,1.0,2.0,0.18181818181818182,0.18181818181818182,0.0,0.5,0.3333333333333333,2026-01-01 09:00:00,2025-11-28 11:00:00,2025-08-22 14:00:00,2025-09-18 16:00:00,2025-10-06 16:00:00,1,35,133,106,88,0.11764705882352941,0.22058823529411764,0.1875,0.18404907975460122,0.6,0.2542372881355932,0.6470588235294118,0.46153846153846145,0.6875,0.9677419354838709,0.32941176470588235,0.09305981595092025,0.3975141242937853,0.37733443027560676,0.49070747800586506,32.71,222,Medium Engagement,digital_ad,True
491,Colton,Clay,oncology,low_value,TERR_32,El Paso,TX,hospital,1.9,False,Digital-Heavy,4.0,5.0,6.0,2.0,1.0,0.0,0.0,4.0,0.0,0.0,0.0,0.0,0.6666666666666666,0.0,0.0,2025-09-29 17:00:00,2025-10-24 16:00:00,2025-09-08 10:00:00,2025-10-31 09:00:00,2025-08-11 09:00:00,95,70,116,63,144,0.11764705882352941,0.3225806451612903,0.375,0.2054794520547945,0.1,0.1724137931034483,0.29411764705882354,0.3,0.25,0.24000000000000005,0.09981024667931689,0.4869292237442922,0.06448275862068967,0.14823529411764708,0.12300000000000001,18.09,444,Low Engagement,phone_call,True
492,Derek,Chavez,primary_care,high_value,TERR_41,Philadelphia,PA,private_practice,1.2,False,Mixed,6.0,3.0,5.0,8.0,4.0,1.0,0.0,2.0,8.0,3.0,0.16666666666666666,0.0,0.4,1.0,0.75,2025-12-01 17:00:00,2026-01-01 09:00:00,2025-09-23 09:00:00,2025-11-21 11:00:00,2025-11-12 12:00:00,32,1,101,42,51,0.47058823529411764,0.4166666666666667,0.3125,0.22900763358778622,0.4,0.37037037037037035,0.17647058823529413,0.9677419354838709,0.375,0.48387096774193555,0.7245098039215686,0.3395515267175573,0.5690740740740741,0.24648956356736243,0.2926075268817204,47.99,10,High Engagement,rep_visit,True
493,Ellen,Paul,dermatology,high_value,TERR_34,Oakland,CA,hospital,4.9,False,In-Person-Heavy,1.0,3.0,7.0,8.0,5.0,0.0,1.0,1.0,3.0,3.0,0.0,0.3333333333333333,0.14285714285714285,0.375,0.6,2025-05-27 15:00:00,2025-09-24 16:00:00,2025-12-30 10:00:00,2025-12-19 17:00:00,2025-11-05 17:00:00,220,100,3,14,58,0.47058823529411764,0.6818181818181818,0.4375,0.9090909090909091,0.5,0.3409090909090909,0.17647058823529413,0.23076923076923073,0.0625,0.12000000000000002,0.46504010695187165,0.38449675324675325,0.5181818181818181,0.26576168929110106,0.04275000000000001,36.63,156,Medium Engagement,webinar,True
494,Sonya,Barnes,endocrinology,low_value,TERR_13,Denver,CO,clinic,0.5,False,Digital-Heavy,0.0,2.0,5.0,6.0,0.0,0.0,0.0,2.0,3.0,0.0,0.0,0.0,0.4,0.5,0.0,,2025-10-24 11:00:00,2025-11-03 15:00:00,2025-09-19 12:00:00,,,70,60,105,,0.35294117647058826,0.2222222222222222,0.3125,0.3333333333333333,0.0,0.0,0.11764705882352941,0.3,0.0,0.0,0.40032679738562094,0.36041666666666666,0.0,0.09529411764705882,0.0,20.65,416,Medium Engagement,rep_visit,True
495,Julia,Moore,primary_care,high_value,TERR_23,Portland,OR,private_practice,0.6,False,In-Person-Heavy,2.0,11.0,8.0,7.0,4.0,0.0,3.0,2.0,2.0,1.0,0.0,0.2727272727272727,0.25,0.2857142857142857,0.25,2025-06-09 09:00:00,2025-12-17 16:00:00,2025-08-14 14:00:00,2025-12-25 08:00:00,2025-12-29 15:00:00,207,16,141,8,4,0.4117647058823529,0.7894736842105263,0.5,0.17543859649122806,0.4,0.8823529411764706,0.6470588235294118,0.6521739130434783,0.125,0.12658227848101264,0.424281291463954,0.31008771929824563,0.42147058823529415,0.46091606603115554,0.06281645569620253,35.22,179,Medium Engagement,email,True
496,Robert,Garcia,dermatology,medium_value,TERR_10,Wichita,KS,private_practice,3.3,False,Digital-Heavy,2.0,9.0,6.0,6.0,1.0,0.0,1.0,0.0,4.0,0.0,0.0,0.1111111111111111,0.0,0.6666666666666666,0.0,2025-07-28 12:00:00,2026-01-02 14:00:00,2025-08-27 10:00:00,2025-12-08 13:00:00,2025-06-10 14:00:00,158,0,128,25,206,0.35294117647058826,0.5454545454545454,0.375,0.189873417721519,0.1,0.1271186440677966,0.5294117647058824,1.0,0.125,0.1595744680851064,0.5483065953654189,0.1504746835443038,0.05542372881355932,0.41437908496732023,0.06941489361702127,27.82,297,Medium Engagement,rep_visit,True
497,Tracy,Russell,dermatology,low_value,TERR_30,Dallas,TX,clinic,2.9,False,In-Person-Heavy,2.0,3.0,4.0,2.0,3.0,0.0,1.0,2.0,0.0,0.0,0.0,0.3333333333333333,0.5,0.0,0.0,2025-04-18 10:00:00,2025-12-19 08:00:00,2025-09-10 09:00:00,2025-07-08 09:00:00,2025-11-12 14:00:00,259,14,114,178,51,0.11764705882352941,0.14423076923076922,0.25,0.20833333333333334,0.3,0.37037037037037035,0.17647058823529413,0.6818181818181818,0.125,0.10380622837370243,0.06414027149321266,0.3666666666666667,0.16407407407407407,0.35597147950089125,0.05826124567474049,18.75,437,Low Engagement,phone_call,True
498,Stephanie,Johnson,dermatology,low_value,TERR_37,Omaha,NE,private_practice,3.1,False,Mixed,3.0,2.0,11.0,4.0,4.0,0.0,0.0,2.0,4.0,0.0,0.0,0.0,0.18181818181818182,1.0,0.0,2025-07-22 16:00:00,2025-12-17 14:00:00,2025-11-04 14:00:00,2025-12-02 09:00:00,2025-12-24 14:00:00,164,16,59,31,9,0.23529411764705882,0.49180327868852464,0.6875,0.33707865168539325,0.4,0.7692307692307692,0.11764705882352941,0.6521739130434783,0.1875,0.15463917525773196,0.6689488910318225,0.3645748212461695,0.27384615384615385,0.16572890025575449,0.08717783505154639,36.63,156,Medium Engagement,rep_visit,True
499,Mitchell,Ramos,primary_care,medium_value,TERR_47,New Orleans,LA,private_practice,0.5,False,In-Person-Heavy,6.0,4.0,1.0,3.0,3.0,0.0,2.0,0.0,1.0,1.0,0.0,0.5,0.0,0.3333333333333333,0.3333333333333333,2025-12-29 17:00:00,2025-11-14 15:00:00,2025-08-01 09:00:00,2025-06-30 09:00:00,2025-12-02 14:00:00,4,49,154,186,31,0.17647058823529413,0.1388888888888889,0.0625,0.16304347826086957,0.3,0.49180327868852464,0.23529411764705882,0.379746835443038,0.375,0.8823529411764706,0.2473856209150327,0.05135869565217391,0.35502732240437157,0.39653760238272523,0.2889705882352941,25.83,338,Medium Engagement,email,True
500,Stephanie,Foley,oncology,medium_value,TERR_41,San Antonio,TX,cancer_center,1.2,False,In-Person-Heavy,2.0,10.0,3.0,1.0,1.0,1.0,2.0,2.0,1.0,0.0,0.5,0.2,0.6666666666666666,1.0,0.0,2025-10-06 11:00:00,2025-10-13 09:00:00,2025-09-19 10:00:00,2025-09-03 14:00:00,2025-06-02 15:00:00,88,81,105,121,214,0.058823529411764705,0.19867549668874174,0.1875,0.2222222222222222,0.1,0.12295081967213116,0.5882352941176471,0.27027027027027023,0.125,0.2542372881355932,0.5573821581612778,0.43402777777777773,0.05459016393442623,0.3305246422893482,0.3383474576271186,36.53,159,Medium Engagement,rep_visit,True
